,Event,System time,J1 arrival,J2 arrival,Server job completion time,Server status,Queue,Queue length
0,Start,0.0,0.41,0.04,31.0,0,[],0
1,J2,0.04,0.41,0.18000000000000002,2.4707081042572017,1,[],0
2,J2,0.18,0.41,0.24,2.4707081042572017,1,['J2'],1
3,J2,0.24,0.41,0.39,2.4707081042572017,1,"['J2', 'J2']",2
4,J2,0.39,0.41,1.02,2.4707081042572017,1,"['J2', 'J2', 'J2']",3
5,J1,0.41,0.9299999999999999,1.02,2.4707081042572017,1,"['J2', 'J2', 'J2', 'J1']",4
6,J1,0.93,1.1400000000000001,1.02,2.4707081042572017,1,"['J2', 'J2', 'J2', 'J1', 'J1']",5
7,J2,1.02,1.1400000000000001,1.22,2.4707081042572017,1,"['J2', 'J2', 'J2', 'J1', 'J1', 'J2']",6
8,J1,1.14,1.25,1.22,2.4707081042572017,1,"['J2', 'J2', 'J2', 'J1', 'J1', 'J2', 'J1']",7
9,J2,1.22,1.25,1.3699999999999999,2.4707081042572017,1,"['J2', 'J2', 'J2', 'J1', 'J1', 'J2', 'J1', 'J2']",8
10,J1,1.25,1.43,1.3699999999999999,2.4707081042572017,1,"['J2', 'J2', 'J2', 'J1', 'J1', 'J2', 'J1', 'J2', 'J1']",9
11,J2,1.37,1.43,1.5100000000000002,2.4707081042572017,1,"['J2', 'J2', 'J2', 'J1', 'J1', 'J2', 'J1', 'J2', 'J1', 'J2']",10
12,J1,1.43,1.67,1.5100000000000002,2.4707081042572017,1,"['J2', 'J2', 'J2', 'J1', 'J1', 'J2', 'J1', 'J2', 'J1', 'J2', 'J1']",11
13,J2,1.51,1.67,1.51,2.4707081042572017,1,"['J2', 'J2', 'J2', 'J1', 'J1', 'J2', 'J1', 'J2', 'J1', 'J2', 'J1', 'J2']",12
14,J2,1.51,1.67,1.67,2.4707081042572017,1,"['J2', 'J2', 'J2', 'J1', 'J1', 'J2', 'J1', 'J2', 'J1', 'J2', 'J1', 'J2', 'J2']",13
15,J1,1.67,2.62,1.67,2.4707081042572017,1,"['J2', 'J2', 'J2', 'J1', 'J1', 'J2', 'J1', 'J2', 'J1', 'J2', 'J1', 'J2', 'J2', 'J1']",14
16,J2,1.67,2.62,1.88,2.4707081042572017,1,"['J2', 'J2', 'J2', 'J1', 'J1', 'J2', 'J1', 'J2', 'J1', 'J2', 'J1', 'J2', 'J2', 'J1', 'J2']",15
17,J2,1.88,2.62,2.0,2.4707081042572017,1,"['J2', 'J2', 'J2', 'J1', 'J1', 'J2', 'J1', 'J2', 'J1', 'J2', 'J1', 'J2', 'J2', 'J1', 'J2', 'J2']",16
18,J2,2.0,2.62,2.29,2.4707081042572017,1,"['J2', 'J2', 'J2', 'J1', 'J1', 'J2', 'J1', 'J2', 'J1', 'J2', 'J1', 'J2', 'J2', 'J1', 'J2', 'J2', 'J2']",17
19,J2,2.29,2.62,2.7,2.4707081042572017,1,"['J2', 'J2', 'J2', 'J1', 'J1', 'J2', 'J1', 'J2', 'J1', 'J2', 'J1', 'J2', 'J2', 'J1', 'J2', 'J2', 'J2', 'J2']",18
20,J2,2.47,2.62,2.7,6.165248396428122,1,"['J2', 'J2', 'J2', 'J1', 'J1', 'J2', 'J1', 'J2', 'J1', 'J2', 'J1', 'J2', 'J2', 'J1', 'J2', 'J2', 'J2']",17
21,J1,2.62,5.46,2.7,6.165248396428122,1,"['J2', 'J2', 'J2', 'J1', 'J1', 'J2', 'J1', 'J2', 'J1', 'J2', 'J1', 'J2', 'J2', 'J1', 'J2', 'J2', 'J2', 'J1']",18
22,J2,2.7,5.46,3.18,6.165248396428122,1,"['J2', 'J2', 'J2', 'J1', 'J1', 'J2', 'J1', 'J2', 'J1', 'J2', 'J1', 'J2', 'J2', 'J1', 'J2', 'J2', 'J2', 'J1', 'J2']",19
23,J2,3.18,5.46,3.8200000000000003,6.165248396428122,1,"['J2', 'J2', 'J2', 'J1', 'J1', 'J2', 'J1', 'J2', 'J1', 'J2', 'J1', 'J2', 'J2', 'J1', 'J2', 'J2', 'J2', 'J1', 'J2', 'J2']",20
24,J2,3.82,5.46,3.84,6.165248396428122,1,"['J2', 'J2', 'J2', 'J1', 'J1', 'J2', 'J1', 'J2', 'J1', 'J2', 'J1', 'J2', 'J2', 'J1', 'J2', 'J2', 'J2', 'J1', 'J2', 'J2', 'J2']",21
25,J2,3.84,5.46,4.2,6.165248396428122,1,"['J2', 'J2', 'J2', 'J1', 'J1', 'J2', 'J1', 'J2', 'J1', 'J2', 'J1', 'J2', 'J2', 'J1', 'J2', 'J2', 'J2', 'J1', 'J2', 'J2', 'J2', 'J2']",22
26,J2,4.2,5.46,4.38,6.165248396428122,1,"['J2', 'J2', 'J2', 'J1', 'J1', 'J2', 'J1', 'J2', 'J1', 'J2', 'J1', 'J2', 'J2', 'J1', 'J2', 'J2', 'J2', 'J1', 'J2', 'J2', 'J2', 'J2', 'J2']",23
27,J2,4.38,5.46,4.59,6.165248396428122,1,"['J2', 'J2', 'J2', 'J1', 'J1', 'J2', 'J1', 'J2', 'J1', 'J2', 'J1', 'J2', 'J2', 'J1', 'J2', 'J2', 'J2', 'J1', 'J2', 'J2', 'J2', 'J2', 'J2', 'J2']",24
28,J2,4.59,5.46,4.74,6.165248396428122,1,"['J2', 'J2', 'J2', 'J1', 'J1', 'J2', 'J1', 'J2', 'J1', 'J2', 'J1', 'J2', 'J2', 'J1', 'J2', 'J2', 'J2', 'J1', 'J2', 'J2', 'J2', 'J2', 'J2', 'J2', 'J2']",25
29,J2,4.74,5.46,4.970000000000001,6.165248396428122,1,"['J2', 'J2', 'J2', 'J1', 'J1', 'J2', 'J1', 'J2', 'J1', 'J2', 'J1', 'J2', 'J2', 'J1', 'J2', 'J2', 'J2', 'J1', 'J2', 'J2', 'J2', 'J2', 'J2', 'J2', 'J2', 'J2']",26
30,J2,4.97,5.46,5.01,6.165248396428122,1,"['J2', 'J2', 'J2', 'J1', 'J1', 'J2', 'J1', 'J2', 'J1', 'J2', 'J1', 'J2', 'J2', 'J1', 'J2', 'J2', 'J2', 'J1', 'J2', 'J2', 'J2', 'J2', 'J2', 'J2', 'J2', 'J2', 'J2']",27
31,J2,5.01,5.46,5.24,6.165248396428122,1,"['J2', 'J2', 'J2', 'J1', 'J1', 'J2', 'J1', 'J2', 'J1', 'J2', 'J1', 'J2', 'J2', 'J1', 'J2', 'J2', 'J2', 'J1', 'J2', 'J2', 'J2', 'J2', 'J2', 'J2', 'J2', 'J2', 'J2', 'J2']",28
32,J2,5.24,5.46,5.3,6.165248396428122,1,"['J2', 'J2', 'J2', 'J1', 'J1', 'J2', 'J1', 'J2', 'J1', 'J2', 'J1', 'J2', 'J2', 'J1', 'J2', 'J2', 'J2', 'J1', 'J2', 'J2', 'J2', 'J2', 'J2', 'J2', 'J2', 'J2', 'J2', 'J2', 'J2']",29
33,J2,5.3,5.46,5.43,6.165248396428122,1,"['J2', 'J2', 'J2', 'J1', 'J1', 'J2', 'J1', 'J2', 'J1', 'J2', 'J1', 'J2', 'J2', 'J1', 'J2', 'J2', 'J2', 'J1', 'J2', 'J2', 'J2', 'J2', 'J2', 'J2', 'J2', 'J2', 'J2', 'J2', 'J2', 'J2']",30
34,J2,5.43,5.46,5.58,6.165248396428122,1,"['J2', 'J2', 'J2', 'J1', 'J1', 'J2', 'J1', 'J2', 'J1', 'J2', 'J1', 'J2', 'J2', 'J1', 'J2', 'J2', 'J2', 'J1', 'J2', 'J2', 'J2', 'J2', 'J2', 'J2', 'J2', 'J2', 'J2', 'J2', 'J2', 'J2', 'J2']",31
35,J1,5.46,5.92,5.58,6.165248396428122,1,"['J2', 'J2', 'J2', 'J1', 'J1', 'J2', 'J1', 'J2', 'J1', 'J2', 'J1', 'J2', 'J2', 'J1', 'J2', 'J2', 'J2', 'J1', 'J2', 'J2', 'J2', 'J2', 'J2', 'J2', 'J2', 'J2', 'J2', 'J2', 'J2', 'J2', 'J2', 'J1']",32
36,J2,5.58,5.92,5.6,6.165248396428122,1,"['J2', 'J2', 'J2', 'J1', 'J1', 'J2', 'J1', 'J2', 'J1', 'J2', 'J1', 'J2', 'J2', 'J1', 'J2', 'J2', 'J2', 'J1', 'J2', 'J2', 'J2', 'J2', 'J2', 'J2', 'J2', 'J2', 'J2', 'J2', 'J2', 'J2', 'J2', 'J1', 'J2']",33
37,J2,5.6,5.92,5.92,6.165248396428122,1,"['J2', 'J2', 'J2', 'J1', 'J1', 'J2', 'J1', 'J2', 'J1', 'J2', 'J1', 'J2', 'J2', 'J1', 'J2', 'J2', 'J2', 'J1', 'J2', 'J2', 'J2', 'J2', 'J2', 'J2', 'J2', 'J2', 'J2', 'J2', 'J2', 'J2', 'J2', 'J1', 'J2', 'J2']",34
38,J1,5.92,6.7,5.92,6.165248396428122,1,"['J2', 'J2', 'J2', 'J1', 'J1', 'J2', 'J1', 'J2', 'J1', 'J2', 'J1', 'J2', 'J2', 'J1', 'J2', 'J2', 'J2', 'J1', 'J2', 'J2', 'J2', 'J2', 'J2', 'J2', 'J2', 'J2', 'J2', 'J2', 'J2', 'J2', 'J2', 'J1', 'J2', 'J2', 'J1']",35
39,J2,5.92,6.7,6.72,6.165248396428122,1,"['J2', 'J2', 'J2', 'J1', 'J1', 'J2', 'J1', 'J2', 'J1', 'J2', 'J1', 'J2', 'J2', 'J1', 'J2', 'J2', 'J2', 'J1', 'J2', 'J2', 'J2', 'J2', 'J2', 'J2', 'J2', 'J2', 'J2', 'J2', 'J2', 'J2', 'J2', 'J1', 'J2', 'J2', 'J1', 'J2']",36
40,J2,6.17,6.7,6.72,8.3587814884789,1,"['J2', 'J2', 'J2', 'J1', 'J1', 'J2', 'J1', 'J2', 'J1', 'J2', 'J1', 'J2', 'J2', 'J1', 'J2', 'J2', 'J2', 'J1', 'J2', 'J2', 'J2', 'J2', 'J2', 'J2', 'J2', 'J2', 'J2', 'J2', 'J2', 'J2', 'J2', 'J1', 'J2', 'J2', 'J1']",35
41,J1,6.7,6.75,6.72,8.3587814884789,1,"['J2', 'J2', 'J2', 'J1', 'J1', 'J2', 'J1', 'J2', 'J1', 'J2', 'J1', 'J2', 'J2', 'J1', 'J2', 'J2', 'J2', 'J1', 'J2', 'J2', 'J2', 'J2', 'J2', 'J2', 'J2', 'J2', 'J2', 'J2', 'J2', 'J2', 'J2', 'J1', 'J2', 'J2', 'J1', 'J1']",36
42,J2,6.72,6.75,6.8,8.3587814884789,1,"['J2', 'J2', 'J2', 'J1', 'J1', 'J2', 'J1', 'J2', 'J1', 'J2', 'J1', 'J2', 'J2', 'J1', 'J2', 'J2', 'J2', 'J1', 'J2', 'J2', 'J2', 'J2', 'J2', 'J2', 'J2', 'J2', 'J2', 'J2', 'J2', 'J2', 'J2', 'J1', 'J2', 'J2', 'J1', 'J1', 'J2']",37
43,J1,6.75,7.3100000000000005,6.8,8.3587814884789,1,"['J2', 'J2', 'J2', 'J1', 'J1', 'J2', 'J1', 'J2', 'J1', 'J2', 'J1', 'J2', 'J2', 'J1', 'J2', 'J2', 'J2', 'J1', 'J2', 'J2', 'J2', 'J2', 'J2', 'J2', 'J2', 'J2', 'J2', 'J2', 'J2', 'J2', 'J2', 'J1', 'J2', 'J2', 'J1', 'J1', 'J2', 'J1']",38
44,J2,6.8,7.3100000000000005,6.9799999999999995,8.3587814884789,1,"['J2', 'J2', 'J2', 'J1', 'J1', 'J2', 'J1', 'J2', 'J1', 'J2', 'J1', 'J2', 'J2', 'J1', 'J2', 'J2', 'J2', 'J1', 'J2', 'J2', 'J2', 'J2', 'J2', 'J2', 'J2', 'J2', 'J2', 'J2', 'J2', 'J2', 'J2', 'J1', 'J2', 'J2', 'J1', 'J1', 'J2', 'J1', 'J2']",39
45,J2,6.98,7.3100000000000005,7.11,8.3587814884789,1,"['J2', 'J2', 'J2', 'J1', 'J1', 'J2', 'J1', 'J2', 'J1', 'J2', 'J1', 'J2', 'J2', 'J1', 'J2', 'J2', 'J2', 'J1', 'J2', 'J2', 'J2', 'J2', 'J2', 'J2', 'J2', 'J2', 'J2', 'J2', 'J2', 'J2', 'J2', 'J1', 'J2', 'J2', 'J1', 'J1', 'J2', 'J1', 'J2', 'J2']",40
46,J2,7.11,7.3100000000000005,7.260000000000001,8.3587814884789,1,"['J2', 'J2', 'J2', 'J1', 'J1', 'J2', 'J1', 'J2', 'J1', 'J2', 'J1', 'J2', 'J2', 'J1', 'J2', 'J2', 'J2', 'J1', 'J2', 'J2', 'J2', 'J2', 'J2', 'J2', 'J2', 'J2', 'J2', 'J2', 'J2', 'J2', 'J2', 'J1', 'J2', 'J2', 'J1', 'J1', 'J2', 'J1', 'J2', 'J2', 'J2']",41
47,J2,7.26,7.3100000000000005,7.949999999999999,8.3587814884789,1,"['J2', 'J2', 'J2', 'J1', 'J1', 'J2', 'J1', 'J2', 'J1', 'J2', 'J1', 'J2', 'J2', 'J1', 'J2', 'J2', 'J2', 'J1', 'J2', 'J2', 'J2', 'J2', 'J2', 'J2', 'J2', 'J2', 'J2', 'J2', 'J2', 'J2', 'J2', 'J1', 'J2', 'J2', 'J1', 'J1', 'J2', 'J1', 'J2', 'J2', 'J2', 'J2']",42
48,J1,7.31,7.779999999999999,7.949999999999999,8.3587814884789,1,"['J2', 'J2', 'J2', 'J1', 'J1', 'J2', 'J1', 'J2', 'J1', 'J2', 'J1', 'J2', 'J2', 'J1', 'J2', 'J2', 'J2', 'J1', 'J2', 'J2', 'J2', 'J2', 'J2', 'J2', 'J2', 'J2', 'J2', 'J2', 'J2', 'J2', 'J2', 'J1', 'J2', 'J2', 'J1', 'J1', 'J2', 'J1', 'J2', 'J2', 'J2', 'J2', 'J1']",43
49,J1,7.78,8.540000000000001,7.949999999999999,8.3587814884789,1,"['J2', 'J2', 'J2', 'J1', 'J1', 'J2', 'J1', 'J2', 'J1', 'J2', 'J1', 'J2', 'J2', 'J1', 'J2', 'J2', 'J2', 'J1', 'J2', 'J2', 'J2', 'J2', 'J2', 'J2', 'J2', 'J2', 'J2', 'J2', 'J2', 'J2', 'J2', 'J1', 'J2', 'J2', 'J1', 'J1', 'J2', 'J1', 'J2', 'J2', 'J2', 'J2', 'J1', 'J1']",44
50,J2,7.95,8.540000000000001,8.17,8.3587814884789,1,"['J2', 'J2', 'J2', 'J1', 'J1', 'J2', 'J1', 'J2', 'J1', 'J2', 'J1', 'J2', 'J2', 'J1', 'J2', 'J2', 'J2', 'J1', 'J2', 'J2', 'J2', 'J2', 'J2', 'J2', 'J2', 'J2', 'J2', 'J2', 'J2', 'J2', 'J2', 'J1', 'J2', 'J2', 'J1', 'J1', 'J2', 'J1', 'J2', 'J2', 'J2', 'J2', 'J1', 'J1', 'J2']",45
51,J2,8.17,8.540000000000001,8.33,8.3587814884789,1,"['J2', 'J2', 'J2', 'J1', 'J1', 'J2', 'J1', 'J2', 'J1', 'J2', 'J1', 'J2', 'J2', 'J1', 'J2', 'J2', 'J2', 'J1', 'J2', 'J2', 'J2', 'J2', 'J2', 'J2', 'J2', 'J2', 'J2', 'J2', 'J2', 'J2', 'J2', 'J1', 'J2', 'J2', 'J1', 'J1', 'J2', 'J1', 'J2', 'J2', 'J2', 'J2', 'J1', 'J1', 'J2', 'J2']",46
52,J2,8.33,8.540000000000001,8.74,8.3587814884789,1,"['J2', 'J2', 'J2', 'J1', 'J1', 'J2', 'J1', 'J2', 'J1', 'J2', 'J1', 'J2', 'J2', 'J1', 'J2', 'J2', 'J2', 'J1', 'J2', 'J2', 'J2', 'J2', 'J2', 'J2', 'J2', 'J2', 'J2', 'J2', 'J2', 'J2', 'J2', 'J1', 'J2', 'J2', 'J1', 'J1', 'J2', 'J1', 'J2', 'J2', 'J2', 'J2', 'J1', 'J1', 'J2', 'J2', 'J2']",47
53,J2,8.36,8.540000000000001,8.74,10.678280615383615,1,"['J2', 'J2', 'J2', 'J1', 'J1', 'J2', 'J1', 'J2', 'J1', 'J2', 'J1', 'J2', 'J2', 'J1', 'J2', 'J2', 'J2', 'J1', 'J2', 'J2', 'J2', 'J2', 'J2', 'J2', 'J2', 'J2', 'J2', 'J2', 'J2', 'J2', 'J2', 'J1', 'J2', 'J2', 'J1', 'J1', 'J2', 'J1', 'J2', 'J2', 'J2', 'J2', 'J1', 'J1', 'J2', 'J2']",46
54,J1,8.54,9.409999999999998,8.74,10.678280615383615,1,"['J2', 'J2', 'J2', 'J1', 'J1', 'J2', 'J1', 'J2', 'J1', 'J2', 'J1', 'J2', 'J2', 'J1', 'J2', 'J2', 'J2', 'J1', 'J2', 'J2', 'J2', 'J2', 'J2', 'J2', 'J2', 'J2', 'J2', 'J2', 'J2', 'J2', 'J2', 'J1', 'J2', 'J2', 'J1', 'J1', 'J2', 'J1', 'J2', 'J2', 'J2', 'J2', 'J1', 'J1', 'J2', 'J2', 'J1']",47
55,J2,8.74,9.409999999999998,8.96,10.678280615383615,1,"['J2', 'J2', 'J2', 'J1', 'J1', 'J2', 'J1', 'J2', 'J1', 'J2', 'J1', 'J2', 'J2', 'J1', 'J2', 'J2', 'J2', 'J1', 'J2', 'J2', 'J2', 'J2', 'J2', 'J2', 'J2', 'J2', 'J2', 'J2', 'J2', 'J2', 'J2', 'J1', 'J2', 'J2', 'J1', 'J1', 'J2', 'J1', 'J2', 'J2', 'J2', 'J2', 'J1', 'J1', 'J2', 'J2', 'J1', 'J2']",48
56,J2,8.96,9.409999999999998,9.100000000000001,10.678280615383615,1,"['J2', 'J2', 'J2', 'J1', 'J1', 'J2', 'J1', 'J2', 'J1', 'J2', 'J1', 'J2', 'J2', 'J1', 'J2', 'J2', 'J2', 'J1', 'J2', 'J2', 'J2', 'J2', 'J2', 'J2', 'J2', 'J2', 'J2', 'J2', 'J2', 'J2', 'J2', 'J1', 'J2', 'J2', 'J1', 'J1', 'J2', 'J1', 'J2', 'J2', 'J2', 'J2', 'J1', 'J1', 'J2', 'J2', 'J1', 'J2', 'J2']",49
57,J2,9.1,9.409999999999998,9.209999999999999,10.678280615383615,1,"['J2', 'J2', 'J2', 'J1', 'J1', 'J2', 'J1', 'J2', 'J1', 'J2', 'J1', 'J2', 'J2', 'J1', 'J2', 'J2', 'J2', 'J1', 'J2', 'J2', 'J2', 'J2', 'J2', 'J2', 'J2', 'J2', 'J2', 'J2', 'J2', 'J2', 'J2', 'J1', 'J2', 'J2', 'J1', 'J1', 'J2', 'J1', 'J2', 'J2', 'J2', 'J2', 'J1', 'J1', 'J2', 'J2', 'J1', 'J2', 'J2', 'J2']",50
58,J2,9.21,9.409999999999998,9.260000000000002,10.678280615383615,1,"['J2', 'J2', 'J2', 'J1', 'J1', 'J2', 'J1', 'J2', 'J1', 'J2', 'J1', 'J2', 'J2', 'J1', 'J2', 'J2', 'J2', 'J1', 'J2', 'J2', 'J2', 'J2', 'J2', 'J2', 'J2', 'J2', 'J2', 'J2', 'J2', 'J2', 'J2', 'J1', 'J2', 'J2', 'J1', 'J1', 'J2', 'J1', 'J2', 'J2', 'J2', 'J2', 'J1', 'J1', 'J2', 'J2', 'J1', 'J2', 'J2', 'J2', 'J2']",51
59,J2,9.26,9.409999999999998,10.15,10.678280615383615,1,"['J2', 'J2', 'J2', 'J1', 'J1', 'J2', 'J1', 'J2', 'J1', 'J2', 'J1', 'J2', 'J2', 'J1', 'J2', 'J2', 'J2', 'J1', 'J2', 'J2', 'J2', 'J2', 'J2', 'J2', 'J2', 'J2', 'J2', 'J2', 'J2', 'J2', 'J2', 'J1', 'J2', 'J2', 'J1', 'J1', 'J2', 'J1', 'J2', 'J2', 'J2', 'J2', 'J1', 'J1', 'J2', 'J2', 'J1', 'J2', 'J2', 'J2', 'J2', 'J2']",52
60,J1,9.41,9.66,10.15,10.678280615383615,1,"['J2', 'J2', 'J2', 'J1', 'J1', 'J2', 'J1', 'J2', 'J1', 'J2', 'J1', 'J2', 'J2', 'J1', 'J2', 'J2', 'J2', 'J1', 'J2', 'J2', 'J2', 'J2', 'J2', 'J2', 'J2', 'J2', 'J2', 'J2', 'J2', 'J2', 'J2', 'J1', 'J2', 'J2', 'J1', 'J1', 'J2', 'J1', 'J2', 'J2', 'J2', 'J2', 'J1', 'J1', 'J2', 'J2', 'J1', 'J2', 'J2', 'J2', 'J2', 'J2', 'J1']",53
61,J1,9.66,9.81,10.15,10.678280615383615,1,"['J2', 'J2', 'J2', 'J1', 'J1', 'J2', 'J1', 'J2', 'J1', 'J2', 'J1', 'J2', 'J2', 'J1', 'J2', 'J2', 'J2', 'J1', 'J2', 'J2', 'J2', 'J2', 'J2', 'J2', 'J2', 'J2', 'J2', 'J2', 'J2', 'J2', 'J2', 'J1', 'J2', 'J2', 'J1', 'J1', 'J2', 'J1', 'J2', 'J2', 'J2', 'J2', 'J1', 'J1', 'J2', 'J2', 'J1', 'J2', 'J2', 'J2', 'J2', 'J2', 'J1', 'J1']",54
62,J1,9.81,10.21,10.15,10.678280615383615,1,"['J2', 'J2', 'J2', 'J1', 'J1', 'J2', 'J1', 'J2', 'J1', 'J2', 'J1', 'J2', 'J2', 'J1', 'J2', 'J2', 'J2', 'J1', 'J2', 'J2', 'J2', 'J2', 'J2', 'J2', 'J2', 'J2', 'J2', 'J2', 'J2', 'J2', 'J2', 'J1', 'J2', 'J2', 'J1', 'J1', 'J2', 'J1', 'J2', 'J2', 'J2', 'J2', 'J1', 'J1', 'J2', 'J2', 'J1', 'J2', 'J2', 'J2', 'J2', 'J2', 'J1', 'J1', 'J1']",55
63,J2,10.15,10.21,10.280000000000001,10.678280615383615,1,"['J2', 'J2', 'J2', 'J1', 'J1', 'J2', 'J1', 'J2', 'J1', 'J2', 'J1', 'J2', 'J2', 'J1', 'J2', 'J2', 'J2', 'J1', 'J2', 'J2', 'J2', 'J2', 'J2', 'J2', 'J2', 'J2', 'J2', 'J2', 'J2', 'J2', 'J2', 'J1', 'J2', 'J2', 'J1', 'J1', 'J2', 'J1', 'J2', 'J2', 'J2', 'J2', 'J1', 'J1', 'J2', 'J2', 'J1', 'J2', 'J2', 'J2', 'J2', 'J2', 'J1', 'J1', 'J1', 'J2']",56
64,J1,10.21,11.600000000000001,10.280000000000001,10.678280615383615,1,"['J2', 'J2', 'J2', 'J1', 'J1', 'J2', 'J1', 'J2', 'J1', 'J2', 'J1', 'J2', 'J2', 'J1', 'J2', 'J2', 'J2', 'J1', 'J2', 'J2', 'J2', 'J2', 'J2', 'J2', 'J2', 'J2', 'J2', 'J2', 'J2', 'J2', 'J2', 'J1', 'J2', 'J2', 'J1', 'J1', 'J2', 'J1', 'J2', 'J2', 'J2', 'J2', 'J1', 'J1', 'J2', 'J2', 'J1', 'J2', 'J2', 'J2', 'J2', 'J2', 'J1', 'J1', 'J1', 'J2', 'J1']",57
65,J2,10.28,11.600000000000001,10.45,10.678280615383615,1,"['J2', 'J2', 'J2', 'J1', 'J1', 'J2', 'J1', 'J2', 'J1', 'J2', 'J1', 'J2', 'J2', 'J1', 'J2', 'J2', 'J2', 'J1', 'J2', 'J2', 'J2', 'J2', 'J2', 'J2', 'J2', 'J2', 'J2', 'J2', 'J2', 'J2', 'J2', 'J1', 'J2', 'J2', 'J1', 'J1', 'J2', 'J1', 'J2', 'J2', 'J2', 'J2', 'J1', 'J1', 'J2', 'J2', 'J1', 'J2', 'J2', 'J2', 'J2', 'J2', 'J1', 'J1', 'J1', 'J2', 'J1', 'J2']",58
66,J2,10.45,11.600000000000001,10.739999999999998,10.678280615383615,1,"['J2', 'J2', 'J2', 'J1', 'J1', 'J2', 'J1', 'J2', 'J1', 'J2', 'J1', 'J2', 'J2', 'J1', 'J2', 'J2', 'J2', 'J1', 'J2', 'J2', 'J2', 'J2', 'J2', 'J2', 'J2', 'J2', 'J2', 'J2', 'J2', 'J2', 'J2', 'J1', 'J2', 'J2', 'J1', 'J1', 'J2', 'J1', 'J2', 'J2', 'J2', 'J2', 'J1', 'J1', 'J2', 'J2', 'J1', 'J2', 'J2', 'J2', 'J2', 'J2', 'J1', 'J1', 'J1', 'J2', 'J1', 'J2', 'J2']",59
67,J2,10.68,11.600000000000001,10.739999999999998,13.084083136088756,1,"['J2', 'J2', 'J2', 'J1', 'J1', 'J2', 'J1', 'J2', 'J1', 'J2', 'J1', 'J2', 'J2', 'J1', 'J2', 'J2', 'J2', 'J1', 'J2', 'J2', 'J2', 'J2', 'J2', 'J2', 'J2', 'J2', 'J2', 'J2', 'J2', 'J2', 'J2', 'J1', 'J2', 'J2', 'J1', 'J1', 'J2', 'J1', 'J2', 'J2', 'J2', 'J2', 'J1', 'J1', 'J2', 'J2', 'J1', 'J2', 'J2', 'J2', 'J2', 'J2', 'J1', 'J1', 'J1', 'J2', 'J1', 'J2']",58
68,J2,10.74,11.600000000000001,10.84,13.084083136088756,1,"['J2', 'J2', 'J2', 'J1', 'J1', 'J2', 'J1', 'J2', 'J1', 'J2', 'J1', 'J2', 'J2', 'J1', 'J2', 'J2', 'J2', 'J1', 'J2', 'J2', 'J2', 'J2', 'J2', 'J2', 'J2', 'J2', 'J2', 'J2', 'J2', 'J2', 'J2', 'J1', 'J2', 'J2', 'J1', 'J1', 'J2', 'J1', 'J2', 'J2', 'J2', 'J2', 'J1', 'J1', 'J2', 'J2', 'J1', 'J2', 'J2', 'J2', 'J2', 'J2', 'J1', 'J1', 'J1', 'J2', 'J1', 'J2', 'J2']",59
69,J2,10.84,11.600000000000001,10.84,13.084083136088756,1,"['J2', 'J2', 'J2', 'J1', 'J1', 'J2', 'J1', 'J2', 'J1', 'J2', 'J1', 'J2', 'J2', 'J1', 'J2', 'J2', 'J2', 'J1', 'J2', 'J2', 'J2', 'J2', 'J2', 'J2', 'J2', 'J2', 'J2', 'J2', 'J2', 'J2', 'J2', 'J1', 'J2', 'J2', 'J1', 'J1', 'J2', 'J1', 'J2', 'J2', 'J2', 'J2', 'J1', 'J1', 'J2', 'J2', 'J1', 'J2', 'J2', 'J2', 'J2', 'J2', 'J1', 'J1', 'J1', 'J2', 'J1', 'J2', 'J2', 'J2']",60
70,J2,10.84,11.600000000000001,11.47,13.084083136088756,1,"['J2', 'J2', 'J2', 'J1', 'J1', 'J2', 'J1', 'J2', 'J1', 'J2', 'J1', 'J2', 'J2', 'J1', 'J2', 'J2', 'J2', 'J1', 'J2', 'J2', 'J2', 'J2', 'J2', 'J2', 'J2', 'J2', 'J2', 'J2', 'J2', 'J2', 'J2', 'J1', 'J2', 'J2', 'J1', 'J1', 'J2', 'J1', 'J2', 'J2', 'J2', 'J2', 'J1', 'J1', 'J2', 'J2', 'J1', 'J2', 'J2', 'J2', 'J2', 'J2', 'J1', 'J1', 'J1', 'J2', 'J1', 'J2', 'J2', 'J2', 'J2']",61
71,J2,11.47,11.600000000000001,11.850000000000001,13.084083136088756,1,"['J2', 'J2', 'J2', 'J1', 'J1', 'J2', 'J1', 'J2', 'J1', 'J2', 'J1', 'J2', 'J2', 'J1', 'J2', 'J2', 'J2', 'J1', 'J2', 'J2', 'J2', 'J2', 'J2', 'J2', 'J2', 'J2', 'J2', 'J2', 'J2', 'J2', 'J2', 'J1', 'J2', 'J2', 'J1', 'J1', 'J2', 'J1', 'J2', 'J2', 'J2', 'J2', 'J1', 'J1', 'J2', 'J2', 'J1', 'J2', 'J2', 'J2', 'J2', 'J2', 'J1', 'J1', 'J1', 'J2', 'J1', 'J2', 'J2', 'J2', 'J2', 'J2']",62
72,J1,11.6,11.959999999999999,11.850000000000001,13.084083136088756,1,"['J2', 'J2', 'J2', 'J1', 'J1', 'J2', 'J1', 'J2', 'J1', 'J2', 'J1', 'J2', 'J2', 'J1', 'J2', 'J2', 'J2', 'J1', 'J2', 'J2', 'J2', 'J2', 'J2', 'J2', 'J2', 'J2', 'J2', 'J2', 'J2', 'J2', 'J2', 'J1', 'J2', 'J2', 'J1', 'J1', 'J2', 'J1', 'J2', 'J2', 'J2', 'J2', 'J1', 'J1', 'J2', 'J2', 'J1', 'J2', 'J2', 'J2', 'J2', 'J2', 'J1', 'J1', 'J1', 'J2', 'J1', 'J2', 'J2', 'J2', 'J2', 'J2', 'J1']",63
73,J2,11.85,11.959999999999999,11.85,13.084083136088756,1,"['J2', 'J2', 'J2', 'J1', 'J1', 'J2', 'J1', 'J2', 'J1', 'J2', 'J1', 'J2', 'J2', 'J1', 'J2', 'J2', 'J2', 'J1', 'J2', 'J2', 'J2', 'J2', 'J2', 'J2', 'J2', 'J2', 'J2', 'J2', 'J2', 'J2', 'J2', 'J1', 'J2', 'J2', 'J1', 'J1', 'J2', 'J1', 'J2', 'J2', 'J2', 'J2', 'J1', 'J1', 'J2', 'J2', 'J1', 'J2', 'J2', 'J2', 'J2', 'J2', 'J1', 'J1', 'J1', 'J2', 'J1', 'J2', 'J2', 'J2', 'J2', 'J2', 'J1', 'J2']",64
74,J2,11.85,11.959999999999999,11.98,13.084083136088756,1,"['J2', 'J2', 'J2', 'J1', 'J1', 'J2', 'J1', 'J2', 'J1', 'J2', 'J1', 'J2', 'J2', 'J1', 'J2', 'J2', 'J2', 'J1', 'J2', 'J2', 'J2', 'J2', 'J2', 'J2', 'J2', 'J2', 'J2', 'J2', 'J2', 'J2', 'J2', 'J1', 'J2', 'J2', 'J1', 'J1', 'J2', 'J1', 'J2', 'J2', 'J2', 'J2', 'J1', 'J1', 'J2', 'J2', 'J1', 'J2', 'J2', 'J2', 'J2', 'J2', 'J1', 'J1', 'J1', 'J2', 'J1', 'J2', 'J2', 'J2', 'J2', 'J2', 'J1', 'J2', 'J2']",65
75,J1,11.96,12.530000000000001,11.98,13.084083136088756,1,"['J2', 'J2', 'J2', 'J1', 'J1', 'J2', 'J1', 'J2', 'J1', 'J2', 'J1', 'J2', 'J2', 'J1', 'J2', 'J2', 'J2', 'J1', 'J2', 'J2', 'J2', 'J2', 'J2', 'J2', 'J2', 'J2', 'J2', 'J2', 'J2', 'J2', 'J2', 'J1', 'J2', 'J2', 'J1', 'J1', 'J2', 'J1', 'J2', 'J2', 'J2', 'J2', 'J1', 'J1', 'J2', 'J2', 'J1', 'J2', 'J2', 'J2', 'J2', 'J2', 'J1', 'J1', 'J1', 'J2', 'J1', 'J2', 'J2', 'J2', 'J2', 'J2', 'J1', 'J2', 'J2', 'J1']",66
76,J2,11.98,12.530000000000001,12.280000000000001,13.084083136088756,1,"['J2', 'J2', 'J2', 'J1', 'J1', 'J2', 'J1', 'J2', 'J1', 'J2', 'J1', 'J2', 'J2', 'J1', 'J2', 'J2', 'J2', 'J1', 'J2', 'J2', 'J2', 'J2', 'J2', 'J2', 'J2', 'J2', 'J2', 'J2', 'J2', 'J2', 'J2', 'J1', 'J2', 'J2', 'J1', 'J1', 'J2', 'J1', 'J2', 'J2', 'J2', 'J2', 'J1', 'J1', 'J2', 'J2', 'J1', 'J2', 'J2', 'J2', 'J2', 'J2', 'J1', 'J1', 'J1', 'J2', 'J1', 'J2', 'J2', 'J2', 'J2', 'J2', 'J1', 'J2', 'J2', 'J1', 'J2']",67
77,J2,12.28,12.530000000000001,12.33,13.084083136088756,1,"['J2', 'J2', 'J2', 'J1', 'J1', 'J2', 'J1', 'J2', 'J1', 'J2', 'J1', 'J2', 'J2', 'J1', 'J2', 'J2', 'J2', 'J1', 'J2', 'J2', 'J2', 'J2', 'J2', 'J2', 'J2', 'J2', 'J2', 'J2', 'J2', 'J2', 'J2', 'J1', 'J2', 'J2', 'J1', 'J1', 'J2', 'J1', 'J2', 'J2', 'J2', 'J2', 'J1', 'J1', 'J2', 'J2', 'J1', 'J2', 'J2', 'J2', 'J2', 'J2', 'J1', 'J1', 'J1', 'J2', 'J1', 'J2', 'J2', 'J2', 'J2', 'J2', 'J1', 'J2', 'J2', 'J1', 'J2', 'J2']",68
78,J2,12.33,12.530000000000001,12.75,13.084083136088756,1,"['J2', 'J2', 'J2', 'J1', 'J1', 'J2', 'J1', 'J2', 'J1', 'J2', 'J1', 'J2', 'J2', 'J1', 'J2', 'J2', 'J2', 'J1', 'J2', 'J2', 'J2', 'J2', 'J2', 'J2', 'J2', 'J2', 'J2', 'J2', 'J2', 'J2', 'J2', 'J1', 'J2', 'J2', 'J1', 'J1', 'J2', 'J1', 'J2', 'J2', 'J2', 'J2', 'J1', 'J1', 'J2', 'J2', 'J1', 'J2', 'J2', 'J2', 'J2', 'J2', 'J1', 'J1', 'J1', 'J2', 'J1', 'J2', 'J2', 'J2', 'J2', 'J2', 'J1', 'J2', 'J2', 'J1', 'J2', 'J2', 'J2']",69
79,J1,12.53,12.74,12.75,13.084083136088756,1,"['J2', 'J2', 'J2', 'J1', 'J1', 'J2', 'J1', 'J2', 'J1', 'J2', 'J1', 'J2', 'J2', 'J1', 'J2', 'J2', 'J2', 'J1', 'J2', 'J2', 'J2', 'J2', 'J2', 'J2', 'J2', 'J2', 'J2', 'J2', 'J2', 'J2', 'J2', 'J1', 'J2', 'J2', 'J1', 'J1', 'J2', 'J1', 'J2', 'J2', 'J2', 'J2', 'J1', 'J1', 'J2', 'J2', 'J1', 'J2', 'J2', 'J2', 'J2', 'J2', 'J1', 'J1', 'J1', 'J2', 'J1', 'J2', 'J2', 'J2', 'J2', 'J2', 'J1', 'J2', 'J2', 'J1', 'J2', 'J2', 'J2', 'J1']",70
80,J1,12.74,13.8,12.75,13.084083136088756,1,"['J2', 'J2', 'J2', 'J1', 'J1', 'J2', 'J1', 'J2', 'J1', 'J2', 'J1', 'J2', 'J2', 'J1', 'J2', 'J2', 'J2', 'J1', 'J2', 'J2', 'J2', 'J2', 'J2', 'J2', 'J2', 'J2', 'J2', 'J2', 'J2', 'J2', 'J2', 'J1', 'J2', 'J2', 'J1', 'J1', 'J2', 'J1', 'J2', 'J2', 'J2', 'J2', 'J1', 'J1', 'J2', 'J2', 'J1', 'J2', 'J2', 'J2', 'J2', 'J2', 'J1', 'J1', 'J1', 'J2', 'J1', 'J2', 'J2', 'J2', 'J2', 'J2', 'J1', 'J2', 'J2', 'J1', 'J2', 'J2', 'J2', 'J1', 'J1']",71
81,J2,12.75,13.8,12.86,13.084083136088756,1,"['J2', 'J2', 'J2', 'J1', 'J1', 'J2', 'J1', 'J2', 'J1', 'J2', 'J1', 'J2', 'J2', 'J1', 'J2', 'J2', 'J2', 'J1', 'J2', 'J2', 'J2', 'J2', 'J2', 'J2', 'J2', 'J2', 'J2', 'J2', 'J2', 'J2', 'J2', 'J1', 'J2', 'J2', 'J1', 'J1', 'J2', 'J1', 'J2', 'J2', 'J2', 'J2', 'J1', 'J1', 'J2', 'J2', 'J1', 'J2', 'J2', 'J2', 'J2', 'J2', 'J1', 'J1', 'J1', 'J2', 'J1', 'J2', 'J2', 'J2', 'J2', 'J2', 'J1', 'J2', 'J2', 'J1', 'J2', 'J2', 'J2', 'J1', 'J1', 'J2']",72
82,J2,12.86,13.8,13.129999999999999,13.084083136088756,1,"['J2', 'J2', 'J2', 'J1', 'J1', 'J2', 'J1', 'J2', 'J1', 'J2', 'J1', 'J2', 'J2', 'J1', 'J2', 'J2', 'J2', 'J1', 'J2', 'J2', 'J2', 'J2', 'J2', 'J2', 'J2', 'J2', 'J2', 'J2', 'J2', 'J2', 'J2', 'J1', 'J2', 'J2', 'J1', 'J1', 'J2', 'J1', 'J2', 'J2', 'J2', 'J2', 'J1', 'J1', 'J2', 'J2', 'J1', 'J2', 'J2', 'J2', 'J2', 'J2', 'J1', 'J1', 'J1', 'J2', 'J1', 'J2', 'J2', 'J2', 'J2', 'J2', 'J1', 'J2', 'J2', 'J1', 'J2', 'J2', 'J2', 'J1', 'J1', 'J2', 'J2']",73
83,J2,13.08,13.8,13.129999999999999,15.771951547921471,1,"['J2', 'J2', 'J2', 'J1', 'J1', 'J2', 'J1', 'J2', 'J1', 'J2', 'J1', 'J2', 'J2', 'J1', 'J2', 'J2', 'J2', 'J1', 'J2', 'J2', 'J2', 'J2', 'J2', 'J2', 'J2', 'J2', 'J2', 'J2', 'J2', 'J2', 'J2', 'J1', 'J2', 'J2', 'J1', 'J1', 'J2', 'J1', 'J2', 'J2', 'J2', 'J2', 'J1', 'J1', 'J2', 'J2', 'J1', 'J2', 'J2', 'J2', 'J2', 'J2', 'J1', 'J1', 'J1', 'J2', 'J1', 'J2', 'J2', 'J2', 'J2', 'J2', 'J1', 'J2', 'J2', 'J1', 'J2', 'J2', 'J2', 'J1', 'J1', 'J2']",72
84,J2,13.13,13.8,13.32,15.771951547921471,1,"['J2', 'J2', 'J2', 'J1', 'J1', 'J2', 'J1', 'J2', 'J1', 'J2', 'J1', 'J2', 'J2', 'J1', 'J2', 'J2', 'J2', 'J1', 'J2', 'J2', 'J2', 'J2', 'J2', 'J2', 'J2', 'J2', 'J2', 'J2', 'J2', 'J2', 'J2', 'J1', 'J2', 'J2', 'J1', 'J1', 'J2', 'J1', 'J2', 'J2', 'J2', 'J2', 'J1', 'J1', 'J2', 'J2', 'J1', 'J2', 'J2', 'J2', 'J2', 'J2', 'J1', 'J1', 'J1', 'J2', 'J1', 'J2', 'J2', 'J2', 'J2', 'J2', 'J1', 'J2', 'J2', 'J1', 'J2', 'J2', 'J2', 'J1', 'J1', 'J2', 'J2']",73
85,J2,13.32,13.8,13.39,15.771951547921471,1,"['J2', 'J2', 'J2', 'J1', 'J1', 'J2', 'J1', 'J2', 'J1', 'J2', 'J1', 'J2', 'J2', 'J1', 'J2', 'J2', 'J2', 'J1', 'J2', 'J2', 'J2', 'J2', 'J2', 'J2', 'J2', 'J2', 'J2', 'J2', 'J2', 'J2', 'J2', 'J1', 'J2', 'J2', 'J1', 'J1', 'J2', 'J1', 'J2', 'J2', 'J2', 'J2', 'J1', 'J1', 'J2', 'J2', 'J1', 'J2', 'J2', 'J2', 'J2', 'J2', 'J1', 'J1', 'J1', 'J2', 'J1', 'J2', 'J2', 'J2', 'J2', 'J2', 'J1', 'J2', 'J2', 'J1', 'J2', 'J2', 'J2', 'J1', 'J1', 'J2', 'J2', 'J2']",74
86,J2,13.39,13.8,13.46,15.771951547921471,1,"['J2', 'J2', 'J2', 'J1', 'J1', 'J2', 'J1', 'J2', 'J1', 'J2', 'J1', 'J2', 'J2', 'J1', 'J2', 'J2', 'J2', 'J1', 'J2', 'J2', 'J2', 'J2', 'J2', 'J2', 'J2', 'J2', 'J2', 'J2', 'J2', 'J2', 'J2', 'J1', 'J2', 'J2', 'J1', 'J1', 'J2', 'J1', 'J2', 'J2', 'J2', 'J2', 'J1', 'J1', 'J2', 'J2', 'J1', 'J2', 'J2', 'J2', 'J2', 'J2', 'J1', 'J1', 'J1', 'J2', 'J1', 'J2', 'J2', 'J2', 'J2', 'J2', 'J1', 'J2', 'J2', 'J1', 'J2', 'J2', 'J2', 'J1', 'J1', 'J2', 'J2', 'J2', 'J2']",75
87,J2,13.46,13.8,13.9,15.771951547921471,1,"['J2', 'J2', 'J2', 'J1', 'J1', 'J2', 'J1', 'J2', 'J1', 'J2', 'J1', 'J2', 'J2', 'J1', 'J2', 'J2', 'J2', 'J1', 'J2', 'J2', 'J2', 'J2', 'J2', 'J2', 'J2', 'J2', 'J2', 'J2', 'J2', 'J2', 'J2', 'J1', 'J2', 'J2', 'J1', 'J1', 'J2', 'J1', 'J2', 'J2', 'J2', 'J2', 'J1', 'J1', 'J2', 'J2', 'J1', 'J2', 'J2', 'J2', 'J2', 'J2', 'J1', 'J1', 'J1', 'J2', 'J1', 'J2', 'J2', 'J2', 'J2', 'J2', 'J1', 'J2', 'J2', 'J1', 'J2', 'J2', 'J2', 'J1', 'J1', 'J2', 'J2', 'J2', 'J2', 'J2']",76
88,J1,13.8,14.100000000000001,13.9,15.771951547921471,1,"['J2', 'J2', 'J2', 'J1', 'J1', 'J2', 'J1', 'J2', 'J1', 'J2', 'J1', 'J2', 'J2', 'J1', 'J2', 'J2', 'J2', 'J1', 'J2', 'J2', 'J2', 'J2', 'J2', 'J2', 'J2', 'J2', 'J2', 'J2', 'J2', 'J2', 'J2', 'J1', 'J2', 'J2', 'J1', 'J1', 'J2', 'J1', 'J2', 'J2', 'J2', 'J2', 'J1', 'J1', 'J2', 'J2', 'J1', 'J2', 'J2', 'J2', 'J2', 'J2', 'J1', 'J1', 'J1', 'J2', 'J1', 'J2', 'J2', 'J2', 'J2', 'J2', 'J1', 'J2', 'J2', 'J1', 'J2', 'J2', 'J2', 'J1', 'J1', 'J2', 'J2', 'J2', 'J2', 'J2', 'J1']",77
89,J2,13.9,14.100000000000001,13.99,15.771951547921471,1,"['J2', 'J2', 'J2', 'J1', 'J1', 'J2', 'J1', 'J2', 'J1', 'J2', 'J1', 'J2', 'J2', 'J1', 'J2', 'J2', 'J2', 'J1', 'J2', 'J2', 'J2', 'J2', 'J2', 'J2', 'J2', 'J2', 'J2', 'J2', 'J2', 'J2', 'J2', 'J1', 'J2', 'J2', 'J1', 'J1', 'J2', 'J1', 'J2', 'J2', 'J2', 'J2', 'J1', 'J1', 'J2', 'J2', 'J1', 'J2', 'J2', 'J2', 'J2', 'J2', 'J1', 'J1', 'J1', 'J2', 'J1', 'J2', 'J2', 'J2', 'J2', 'J2', 'J1', 'J2', 'J2', 'J1', 'J2', 'J2', 'J2', 'J1', 'J1', 'J2', 'J2', 'J2', 'J2', 'J2', 'J1', 'J2']",78
90,J2,13.99,14.100000000000001,14.290000000000001,15.771951547921471,1,"['J2', 'J2', 'J2', 'J1', 'J1', 'J2', 'J1', 'J2', 'J1', 'J2', 'J1', 'J2', 'J2', 'J1', 'J2', 'J2', 'J2', 'J1', 'J2', 'J2', 'J2', 'J2', 'J2', 'J2', 'J2', 'J2', 'J2', 'J2', 'J2', 'J2', 'J2', 'J1', 'J2', 'J2', 'J1', 'J1', 'J2', 'J1', 'J2', 'J2', 'J2', 'J2', 'J1', 'J1', 'J2', 'J2', 'J1', 'J2', 'J2', 'J2', 'J2', 'J2', 'J1', 'J1', 'J1', 'J2', 'J1', 'J2', 'J2', 'J2', 'J2', 'J2', 'J1', 'J2', 'J2', 'J1', 'J2', 'J2', 'J2', 'J1', 'J1', 'J2', 'J2', 'J2', 'J2', 'J2', 'J1', 'J2', 'J2']",79
91,J1,14.1,16.15,14.290000000000001,15.771951547921471,1,"['J2', 'J2', 'J2', 'J1', 'J1', 'J2', 'J1', 'J2', 'J1', 'J2', 'J1', 'J2', 'J2', 'J1', 'J2', 'J2', 'J2', 'J1', 'J2', 'J2', 'J2', 'J2', 'J2', 'J2', 'J2', 'J2', 'J2', 'J2', 'J2', 'J2', 'J2', 'J1', 'J2', 'J2', 'J1', 'J1', 'J2', 'J1', 'J2', 'J2', 'J2', 'J2', 'J1', 'J1', 'J2', 'J2', 'J1', 'J2', 'J2', 'J2', 'J2', 'J2', 'J1', 'J1', 'J1', 'J2', 'J1', 'J2', 'J2', 'J2', 'J2', 'J2', 'J1', 'J2', 'J2', 'J1', 'J2', 'J2', 'J2', 'J1', 'J1', 'J2', 'J2', 'J2', 'J2', 'J2', 'J1', 'J2', 'J2', 'J1']",80
92,J2,14.29,16.15,14.549999999999999,15.771951547921471,1,"['J2', 'J2', 'J2', 'J1', 'J1', 'J2', 'J1', 'J2', 'J1', 'J2', 'J1', 'J2', 'J2', 'J1', 'J2', 'J2', 'J2', 'J1', 'J2', 'J2', 'J2', 'J2', 'J2', 'J2', 'J2', 'J2', 'J2', 'J2', 'J2', 'J2', 'J2', 'J1', 'J2', 'J2', 'J1', 'J1', 'J2', 'J1', 'J2', 'J2', 'J2', 'J2', 'J1', 'J1', 'J2', 'J2', 'J1', 'J2', 'J2', 'J2', 'J2', 'J2', 'J1', 'J1', 'J1', 'J2', 'J1', 'J2', 'J2', 'J2', 'J2', 'J2', 'J1', 'J2', 'J2', 'J1', 'J2', 'J2', 'J2', 'J1', 'J1', 'J2', 'J2', 'J2', 'J2', 'J2', 'J1', 'J2', 'J2', 'J1', 'J2']",81
93,J2,14.55,16.15,14.66,15.771951547921471,1,"['J2', 'J2', 'J2', 'J1', 'J1', 'J2', 'J1', 'J2', 'J1', 'J2', 'J1', 'J2', 'J2', 'J1', 'J2', 'J2', 'J2', 'J1', 'J2', 'J2', 'J2', 'J2', 'J2', 'J2', 'J2', 'J2', 'J2', 'J2', 'J2', 'J2', 'J2', 'J1', 'J2', 'J2', 'J1', 'J1', 'J2', 'J1', 'J2', 'J2', 'J2', 'J2', 'J1', 'J1', 'J2', 'J2', 'J1', 'J2', 'J2', 'J2', 'J2', 'J2', 'J1', 'J1', 'J1', 'J2', 'J1', 'J2', 'J2', 'J2', 'J2', 'J2', 'J1', 'J2', 'J2', 'J1', 'J2', 'J2', 'J2', 'J1', 'J1', 'J2', 'J2', 'J2', 'J2', 'J2', 'J1', 'J2', 'J2', 'J1', 'J2', 'J2']",82
94,J2,14.66,16.15,14.84,15.771951547921471,1,"['J2', 'J2', 'J2', 'J1', 'J1', 'J2', 'J1', 'J2', 'J1', 'J2', 'J1', 'J2', 'J2', 'J1', 'J2', 'J2', 'J2', 'J1', 'J2', 'J2', 'J2', 'J2', 'J2', 'J2', 'J2', 'J2', 'J2', 'J2', 'J2', 'J2', 'J2', 'J1', 'J2', 'J2', 'J1', 'J1', 'J2', 'J1', 'J2', 'J2', 'J2', 'J2', 'J1', 'J1', 'J2', 'J2', 'J1', 'J2', 'J2', 'J2', 'J2', 'J2', 'J1', 'J1', 'J1', 'J2', 'J1', 'J2', 'J2', 'J2', 'J2', 'J2', 'J1', 'J2', 'J2', 'J1', 'J2', 'J2', 'J2', 'J1', 'J1', 'J2', 'J2', 'J2', 'J2', 'J2', 'J1', 'J2', 'J2', 'J1', 'J2', 'J2', 'J2']",83
95,J2,14.84,16.15,14.94,15.771951547921471,1,"['J2', 'J2', 'J2', 'J1', 'J1', 'J2', 'J1', 'J2', 'J1', 'J2', 'J1', 'J2', 'J2', 'J1', 'J2', 'J2', 'J2', 'J1', 'J2', 'J2', 'J2', 'J2', 'J2', 'J2', 'J2', 'J2', 'J2', 'J2', 'J2', 'J2', 'J2', 'J1', 'J2', 'J2', 'J1', 'J1', 'J2', 'J1', 'J2', 'J2', 'J2', 'J2', 'J1', 'J1', 'J2', 'J2', 'J1', 'J2', 'J2', 'J2', 'J2', 'J2', 'J1', 'J1', 'J1', 'J2', 'J1', 'J2', 'J2', 'J2', 'J2', 'J2', 'J1', 'J2', 'J2', 'J1', 'J2', 'J2', 'J2', 'J1', 'J1', 'J2', 'J2', 'J2', 'J2', 'J2', 'J1', 'J2', 'J2', 'J1', 'J2', 'J2', 'J2', 'J2']",84
96,J2,14.94,16.15,15.04,15.771951547921471,1,"['J2', 'J2', 'J2', 'J1', 'J1', 'J2', 'J1', 'J2', 'J1', 'J2', 'J1', 'J2', 'J2', 'J1', 'J2', 'J2', 'J2', 'J1', 'J2', 'J2', 'J2', 'J2', 'J2', 'J2', 'J2', 'J2', 'J2', 'J2', 'J2', 'J2', 'J2', 'J1', 'J2', 'J2', 'J1', 'J1', 'J2', 'J1', 'J2', 'J2', 'J2', 'J2', 'J1', 'J1', 'J2', 'J2', 'J1', 'J2', 'J2', 'J2', 'J2', 'J2', 'J1', 'J1', 'J1', 'J2', 'J1', 'J2', 'J2', 'J2', 'J2', 'J2', 'J1', 'J2', 'J2', 'J1', 'J2', 'J2', 'J2', 'J1', 'J1', 'J2', 'J2', 'J2', 'J2', 'J2', 'J1', 'J2', 'J2', 'J1', 'J2', 'J2', 'J2', 'J2', 'J2']",85
97,J2,15.04,16.15,15.1,15.771951547921471,1,"['J2', 'J2', 'J2', 'J1', 'J1', 'J2', 'J1', 'J2', 'J1', 'J2', 'J1', 'J2', 'J2', 'J1', 'J2', 'J2', 'J2', 'J1', 'J2', 'J2', 'J2', 'J2', 'J2', 'J2', 'J2', 'J2', 'J2', 'J2', 'J2', 'J2', 'J2', 'J1', 'J2', 'J2', 'J1', 'J1', 'J2', 'J1', 'J2', 'J2', 'J2', 'J2', 'J1', 'J1', 'J2', 'J2', 'J1', 'J2', 'J2', 'J2', 'J2', 'J2', 'J1', 'J1', 'J1', 'J2', 'J1', 'J2', 'J2', 'J2', 'J2', 'J2', 'J1', 'J2', 'J2', 'J1', 'J2', 'J2', 'J2', 'J1', 'J1', 'J2', 'J2', 'J2', 'J2', 'J2', 'J1', 'J2', 'J2', 'J1', 'J2', 'J2', 'J2', 'J2', 'J2', 'J2']",86
98,J2,15.1,16.15,15.19,15.771951547921471,1,"['J2', 'J2', 'J2', 'J1', 'J1', 'J2', 'J1', 'J2', 'J1', 'J2', 'J1', 'J2', 'J2', 'J1', 'J2', 'J2', 'J2', 'J1', 'J2', 'J2', 'J2', 'J2', 'J2', 'J2', 'J2', 'J2', 'J2', 'J2', 'J2', 'J2', 'J2', 'J1', 'J2', 'J2', 'J1', 'J1', 'J2', 'J1', 'J2', 'J2', 'J2', 'J2', 'J1', 'J1', 'J2', 'J2', 'J1', 'J2', 'J2', 'J2', 'J2', 'J2', 'J1', 'J1', 'J1', 'J2', 'J1', 'J2', 'J2', 'J2', 'J2', 'J2', 'J1', 'J2', 'J2', 'J1', 'J2', 'J2', 'J2', 'J1', 'J1', 'J2', 'J2', 'J2', 'J2', 'J2', 'J1', 'J2', 'J2', 'J1', 'J2', 'J2', 'J2', 'J2', 'J2', 'J2', 'J2']",87
99,J2,15.19,16.15,15.32,15.771951547921471,1,"['J2', 'J2', 'J2', 'J1', 'J1', 'J2', 'J1', 'J2', 'J1', 'J2', 'J1', 'J2', 'J2', 'J1', 'J2', 'J2', 'J2', 'J1', 'J2', 'J2', 'J2', 'J2', 'J2', 'J2', 'J2', 'J2', 'J2', 'J2', 'J2', 'J2', 'J2', 'J1', 'J2', 'J2', 'J1', 'J1', 'J2', 'J1', 'J2', 'J2', 'J2', 'J2', 'J1', 'J1', 'J2', 'J2', 'J1', 'J2', 'J2', 'J2', 'J2', 'J2', 'J1', 'J1', 'J1', 'J2', 'J1', 'J2', 'J2', 'J2', 'J2', 'J2', 'J1', 'J2', 'J2', 'J1', 'J2', 'J2', 'J2', 'J1', 'J1', 'J2', 'J2', 'J2', 'J2', 'J2', 'J1', 'J2', 'J2', 'J1', 'J2', 'J2', 'J2', 'J2', 'J2', 'J2', 'J2', 'J2']",88
100,J2,15.32,16.15,15.33,15.771951547921471,1,"['J2', 'J2', 'J2', 'J1', 'J1', 'J2', 'J1', 'J2', 'J1', 'J2', 'J1', 'J2', 'J2', 'J1', 'J2', 'J2', 'J2', 'J1', 'J2', 'J2', 'J2', 'J2', 'J2', 'J2', 'J2', 'J2', 'J2', 'J2', 'J2', 'J2', 'J2', 'J1', 'J2', 'J2', 'J1', 'J1', 'J2', 'J1', 'J2', 'J2', 'J2', 'J2', 'J1', 'J1', 'J2', 'J2', 'J1', 'J2', 'J2', 'J2', 'J2', 'J2', 'J1', 'J1', 'J1', 'J2', 'J1', 'J2', 'J2', 'J2', 'J2', 'J2', 'J1', 'J2', 'J2', 'J1', 'J2', 'J2', 'J2', 'J1', 'J1', 'J2', 'J2', 'J2', 'J2', 'J2', 'J1', 'J2', 'J2', 'J1', 'J2', 'J2', 'J2', 'J2', 'J2', 'J2', 'J2', 'J2', 'J2']",89
101,J2,15.33,16.15,15.36,15.771951547921471,1,"['J2', 'J2', 'J2', 'J1', 'J1', 'J2', 'J1', 'J2', 'J1', 'J2', 'J1', 'J2', 'J2', 'J1', 'J2', 'J2', 'J2', 'J1', 'J2', 'J2', 'J2', 'J2', 'J2', 'J2', 'J2', 'J2', 'J2', 'J2', 'J2', 'J2', 'J2', 'J1', 'J2', 'J2', 'J1', 'J1', 'J2', 'J1', 'J2', 'J2', 'J2', 'J2', 'J1', 'J1', 'J2', 'J2', 'J1', 'J2', 'J2', 'J2', 'J2', 'J2', 'J1', 'J1', 'J1', 'J2', 'J1', 'J2', 'J2', 'J2', 'J2', 'J2', 'J1', 'J2', 'J2', 'J1', 'J2', 'J2', 'J2', 'J1', 'J1', 'J2', 'J2', 'J2', 'J2', 'J2', 'J1', 'J2', 'J2', 'J1', 'J2', 'J2', 'J2', 'J2', 'J2', 'J2', 'J2', 'J2', 'J2', 'J2']",90
102,J2,15.36,16.15,15.399999999999999,15.771951547921471,1,"['J2', 'J2', 'J2', 'J1', 'J1', 'J2', 'J1', 'J2', 'J1', 'J2', 'J1', 'J2', 'J2', 'J1', 'J2', 'J2', 'J2', 'J1', 'J2', 'J2', 'J2', 'J2', 'J2', 'J2', 'J2', 'J2', 'J2', 'J2', 'J2', 'J2', 'J2', 'J1', 'J2', 'J2', 'J1', 'J1', 'J2', 'J1', 'J2', 'J2', 'J2', 'J2', 'J1', 'J1', 'J2', 'J2', 'J1', 'J2', 'J2', 'J2', 'J2', 'J2', 'J1', 'J1', 'J1', 'J2', 'J1', 'J2', 'J2', 'J2', 'J2', 'J2', 'J1', 'J2', 'J2', 'J1', 'J2', 'J2', 'J2', 'J1', 'J1', 'J2', 'J2', 'J2', 'J2', 'J2', 'J1', 'J2', 'J2', 'J1', 'J2', 'J2', 'J2', 'J2', 'J2', 'J2', 'J2', 'J2', 'J2', 'J2', 'J2']",91
103,J2,15.4,16.15,16.18,15.771951547921471,1,"['J2', 'J2', 'J2', 'J1', 'J1', 'J2', 'J1', 'J2', 'J1', 'J2', 'J1', 'J2', 'J2', 'J1', 'J2', 'J2', 'J2', 'J1', 'J2', 'J2', 'J2', 'J2', 'J2', 'J2', 'J2', 'J2', 'J2', 'J2', 'J2', 'J2', 'J2', 'J1', 'J2', 'J2', 'J1', 'J1', 'J2', 'J1', 'J2', 'J2', 'J2', 'J2', 'J1', 'J1', 'J2', 'J2', 'J1', 'J2', 'J2', 'J2', 'J2', 'J2', 'J1', 'J1', 'J1', 'J2', 'J1', 'J2', 'J2', 'J2', 'J2', 'J2', 'J1', 'J2', 'J2', 'J1', 'J2', 'J2', 'J2', 'J1', 'J1', 'J2', 'J2', 'J2', 'J2', 'J2', 'J1', 'J2', 'J2', 'J1', 'J2', 'J2', 'J2', 'J2', 'J2', 'J2', 'J2', 'J2', 'J2', 'J2', 'J2', 'J2']",92
104,J2,15.77,16.15,16.18,18.443348310674402,1,"['J2', 'J2', 'J2', 'J1', 'J1', 'J2', 'J1', 'J2', 'J1', 'J2', 'J1', 'J2', 'J2', 'J1', 'J2', 'J2', 'J2', 'J1', 'J2', 'J2', 'J2', 'J2', 'J2', 'J2', 'J2', 'J2', 'J2', 'J2', 'J2', 'J2', 'J2', 'J1', 'J2', 'J2', 'J1', 'J1', 'J2', 'J1', 'J2', 'J2', 'J2', 'J2', 'J1', 'J1', 'J2', 'J2', 'J1', 'J2', 'J2', 'J2', 'J2', 'J2', 'J1', 'J1', 'J1', 'J2', 'J1', 'J2', 'J2', 'J2', 'J2', 'J2', 'J1', 'J2', 'J2', 'J1', 'J2', 'J2', 'J2', 'J1', 'J1', 'J2', 'J2', 'J2', 'J2', 'J2', 'J1', 'J2', 'J2', 'J1', 'J2', 'J2', 'J2', 'J2', 'J2', 'J2', 'J2', 'J2', 'J2', 'J2', 'J2']",91
105,J1,16.15,16.169999999999998,16.18,18.443348310674402,1,"['J2', 'J2', 'J2', 'J1', 'J1', 'J2', 'J1', 'J2', 'J1', 'J2', 'J1', 'J2', 'J2', 'J1', 'J2', 'J2', 'J2', 'J1', 'J2', 'J2', 'J2', 'J2', 'J2', 'J2', 'J2', 'J2', 'J2', 'J2', 'J2', 'J2', 'J2', 'J1', 'J2', 'J2', 'J1', 'J1', 'J2', 'J1', 'J2', 'J2', 'J2', 'J2', 'J1', 'J1', 'J2', 'J2', 'J1', 'J2', 'J2', 'J2', 'J2', 'J2', 'J1', 'J1', 'J1', 'J2', 'J1', 'J2', 'J2', 'J2', 'J2', 'J2', 'J1', 'J2', 'J2', 'J1', 'J2', 'J2', 'J2', 'J1', 'J1', 'J2', 'J2', 'J2', 'J2', 'J2', 'J1', 'J2', 'J2', 'J1', 'J2', 'J2', 'J2', 'J2', 'J2', 'J2', 'J2', 'J2', 'J2', 'J2', 'J2', 'J1']",92
106,J1,16.17,17.53,16.18,18.443348310674402,1,"['J2', 'J2', 'J2', 'J1', 'J1', 'J2', 'J1', 'J2', 'J1', 'J2', 'J1', 'J2', 'J2', 'J1', 'J2', 'J2', 'J2', 'J1', 'J2', 'J2', 'J2', 'J2', 'J2', 'J2', 'J2', 'J2', 'J2', 'J2', 'J2', 'J2', 'J2', 'J1', 'J2', 'J2', 'J1', 'J1', 'J2', 'J1', 'J2', 'J2', 'J2', 'J2', 'J1', 'J1', 'J2', 'J2', 'J1', 'J2', 'J2', 'J2', 'J2', 'J2', 'J1', 'J1', 'J1', 'J2', 'J1', 'J2', 'J2', 'J2', 'J2', 'J2', 'J1', 'J2', 'J2', 'J1', 'J2', 'J2', 'J2', 'J1', 'J1', 'J2', 'J2', 'J2', 'J2', 'J2', 'J1', 'J2', 'J2', 'J1', 'J2', 'J2', 'J2', 'J2', 'J2', 'J2', 'J2', 'J2', 'J2', 'J2', 'J2', 'J1', 'J1']",93
107,J2,16.18,17.53,16.66,18.443348310674402,1,"['J2', 'J2', 'J2', 'J1', 'J1', 'J2', 'J1', 'J2', 'J1', 'J2', 'J1', 'J2', 'J2', 'J1', 'J2', 'J2', 'J2', 'J1', 'J2', 'J2', 'J2', 'J2', 'J2', 'J2', 'J2', 'J2', 'J2', 'J2', 'J2', 'J2', 'J2', 'J1', 'J2', 'J2', 'J1', 'J1', 'J2', 'J1', 'J2', 'J2', 'J2', 'J2', 'J1', 'J1', 'J2', 'J2', 'J1', 'J2', 'J2', 'J2', 'J2', 'J2', 'J1', 'J1', 'J1', 'J2', 'J1', 'J2', 'J2', 'J2', 'J2', 'J2', 'J1', 'J2', 'J2', 'J1', 'J2', 'J2', 'J2', 'J1', 'J1', 'J2', 'J2', 'J2', 'J2', 'J2', 'J1', 'J2', 'J2', 'J1', 'J2', 'J2', 'J2', 'J2', 'J2', 'J2', 'J2', 'J2', 'J2', 'J2', 'J2', 'J1', 'J1', 'J2']",94
108,J2,16.66,17.53,16.75,18.443348310674402,1,"['J2', 'J2', 'J2', 'J1', 'J1', 'J2', 'J1', 'J2', 'J1', 'J2', 'J1', 'J2', 'J2', 'J1', 'J2', 'J2', 'J2', 'J1', 'J2', 'J2', 'J2', 'J2', 'J2', 'J2', 'J2', 'J2', 'J2', 'J2', 'J2', 'J2', 'J2', 'J1', 'J2', 'J2', 'J1', 'J1', 'J2', 'J1', 'J2', 'J2', 'J2', 'J2', 'J1', 'J1', 'J2', 'J2', 'J1', 'J2', 'J2', 'J2', 'J2', 'J2', 'J1', 'J1', 'J1', 'J2', 'J1', 'J2', 'J2', 'J2', 'J2', 'J2', 'J1', 'J2', 'J2', 'J1', 'J2', 'J2', 'J2', 'J1', 'J1', 'J2', 'J2', 'J2', 'J2', 'J2', 'J1', 'J2', 'J2', 'J1', 'J2', 'J2', 'J2', 'J2', 'J2', 'J2', 'J2', 'J2', 'J2', 'J2', 'J2', 'J1', 'J1', 'J2', 'J2']",95
109,J2,16.75,17.53,17.25,18.443348310674402,1,"['J2', 'J2', 'J2', 'J1', 'J1', 'J2', 'J1', 'J2', 'J1', 'J2', 'J1', 'J2', 'J2', 'J1', 'J2', 'J2', 'J2', 'J1', 'J2', 'J2', 'J2', 'J2', 'J2', 'J2', 'J2', 'J2', 'J2', 'J2', 'J2', 'J2', 'J2', 'J1', 'J2', 'J2', 'J1', 'J1', 'J2', 'J1', 'J2', 'J2', 'J2', 'J2', 'J1', 'J1', 'J2', 'J2', 'J1', 'J2', 'J2', 'J2', 'J2', 'J2', 'J1', 'J1', 'J1', 'J2', 'J1', 'J2', 'J2', 'J2', 'J2', 'J2', 'J1', 'J2', 'J2', 'J1', 'J2', 'J2', 'J2', 'J1', 'J1', 'J2', 'J2', 'J2', 'J2', 'J2', 'J1', 'J2', 'J2', 'J1', 'J2', 'J2', 'J2', 'J2', 'J2', 'J2', 'J2', 'J2', 'J2', 'J2', 'J2', 'J1', 'J1', 'J2', 'J2', 'J2']",96
110,J2,17.25,17.53,17.31,18.443348310674402,1,"['J2', 'J2', 'J2', 'J1', 'J1', 'J2', 'J1', 'J2', 'J1', 'J2', 'J1', 'J2', 'J2', 'J1', 'J2', 'J2', 'J2', 'J1', 'J2', 'J2', 'J2', 'J2', 'J2', 'J2', 'J2', 'J2', 'J2', 'J2', 'J2', 'J2', 'J2', 'J1', 'J2', 'J2', 'J1', 'J1', 'J2', 'J1', 'J2', 'J2', 'J2', 'J2', 'J1', 'J1', 'J2', 'J2', 'J1', 'J2', 'J2', 'J2', 'J2', 'J2', 'J1', 'J1', 'J1', 'J2', 'J1', 'J2', 'J2', 'J2', 'J2', 'J2', 'J1', 'J2', 'J2', 'J1', 'J2', 'J2', 'J2', 'J1', 'J1', 'J2', 'J2', 'J2', 'J2', 'J2', 'J1', 'J2', 'J2', 'J1', 'J2', 'J2', 'J2', 'J2', 'J2', 'J2', 'J2', 'J2', 'J2', 'J2', 'J2', 'J1', 'J1', 'J2', 'J2', 'J2', 'J2']",97
111,J2,17.31,17.53,17.48,18.443348310674402,1,"['J2', 'J2', 'J2', 'J1', 'J1', 'J2', 'J1', 'J2', 'J1', 'J2', 'J1', 'J2', 'J2', 'J1', 'J2', 'J2', 'J2', 'J1', 'J2', 'J2', 'J2', 'J2', 'J2', 'J2', 'J2', 'J2', 'J2', 'J2', 'J2', 'J2', 'J2', 'J1', 'J2', 'J2', 'J1', 'J1', 'J2', 'J1', 'J2', 'J2', 'J2', 'J2', 'J1', 'J1', 'J2', 'J2', 'J1', 'J2', 'J2', 'J2', 'J2', 'J2', 'J1', 'J1', 'J1', 'J2', 'J1', 'J2', 'J2', 'J2', 'J2', 'J2', 'J1', 'J2', 'J2', 'J1', 'J2', 'J2', 'J2', 'J1', 'J1', 'J2', 'J2', 'J2', 'J2', 'J2', 'J1', 'J2', 'J2', 'J1', 'J2', 'J2', 'J2', 'J2', 'J2', 'J2', 'J2', 'J2', 'J2', 'J2', 'J2', 'J1', 'J1', 'J2', 'J2', 'J2', 'J2', 'J2']",98
112,J2,17.48,17.53,17.57,18.443348310674402,1,"['J2', 'J2', 'J2', 'J1', 'J1', 'J2', 'J1', 'J2', 'J1', 'J2', 'J1', 'J2', 'J2', 'J1', 'J2', 'J2', 'J2', 'J1', 'J2', 'J2', 'J2', 'J2', 'J2', 'J2', 'J2', 'J2', 'J2', 'J2', 'J2', 'J2', 'J2', 'J1', 'J2', 'J2', 'J1', 'J1', 'J2', 'J1', 'J2', 'J2', 'J2', 'J2', 'J1', 'J1', 'J2', 'J2', 'J1', 'J2', 'J2', 'J2', 'J2', 'J2', 'J1', 'J1', 'J1', 'J2', 'J1', 'J2', 'J2', 'J2', 'J2', 'J2', 'J1', 'J2', 'J2', 'J1', 'J2', 'J2', 'J2', 'J1', 'J1', 'J2', 'J2', 'J2', 'J2', 'J2', 'J1', 'J2', 'J2', 'J1', 'J2', 'J2', 'J2', 'J2', 'J2', 'J2', 'J2', 'J2', 'J2', 'J2', 'J2', 'J1', 'J1', 'J2', 'J2', 'J2', 'J2', 'J2', 'J2']",99
113,J1,17.53,18.540000000000003,17.57,18.443348310674402,1,"['J2', 'J2', 'J2', 'J1', 'J1', 'J2', 'J1', 'J2', 'J1', 'J2', 'J1', 'J2', 'J2', 'J1', 'J2', 'J2', 'J2', 'J1', 'J2', 'J2', 'J2', 'J2', 'J2', 'J2', 'J2', 'J2', 'J2', 'J2', 'J2', 'J2', 'J2', 'J1', 'J2', 'J2', 'J1', 'J1', 'J2', 'J1', 'J2', 'J2', 'J2', 'J2', 'J1', 'J1', 'J2', 'J2', 'J1', 'J2', 'J2', 'J2', 'J2', 'J2', 'J1', 'J1', 'J1', 'J2', 'J1', 'J2', 'J2', 'J2', 'J2', 'J2', 'J1', 'J2', 'J2', 'J1', 'J2', 'J2', 'J2', 'J1', 'J1', 'J2', 'J2', 'J2', 'J2', 'J2', 'J1', 'J2', 'J2', 'J1', 'J2', 'J2', 'J2', 'J2', 'J2', 'J2', 'J2', 'J2', 'J2', 'J2', 'J2', 'J1', 'J1', 'J2', 'J2', 'J2', 'J2', 'J2', 'J2', 'J1']",100
114,J2,17.57,18.540000000000003,17.96,18.443348310674402,1,"['J2', 'J2', 'J2', 'J1', 'J1', 'J2', 'J1', 'J2', 'J1', 'J2', 'J1', 'J2', 'J2', 'J1', 'J2', 'J2', 'J2', 'J1', 'J2', 'J2', 'J2', 'J2', 'J2', 'J2', 'J2', 'J2', 'J2', 'J2', 'J2', 'J2', 'J2', 'J1', 'J2', 'J2', 'J1', 'J1', 'J2', 'J1', 'J2', 'J2', 'J2', 'J2', 'J1', 'J1', 'J2', 'J2', 'J1', 'J2', 'J2', 'J2', 'J2', 'J2', 'J1', 'J1', 'J1', 'J2', 'J1', 'J2', 'J2', 'J2', 'J2', 'J2', 'J1', 'J2', 'J2', 'J1', 'J2', 'J2', 'J2', 'J1', 'J1', 'J2', 'J2', 'J2', 'J2', 'J2', 'J1', 'J2', 'J2', 'J1', 'J2', 'J2', 'J2', 'J2', 'J2', 'J2', 'J2', 'J2', 'J2', 'J2', 'J2', 'J1', 'J1', 'J2', 'J2', 'J2', 'J2', 'J2', 'J2', 'J1', 'J2']",101
115,J2,17.96,18.540000000000003,18.0,18.443348310674402,1,"['J2', 'J2', 'J2', 'J1', 'J1', 'J2', 'J1', 'J2', 'J1', 'J2', 'J1', 'J2', 'J2', 'J1', 'J2', 'J2', 'J2', 'J1', 'J2', 'J2', 'J2', 'J2', 'J2', 'J2', 'J2', 'J2', 'J2', 'J2', 'J2', 'J2', 'J2', 'J1', 'J2', 'J2', 'J1', 'J1', 'J2', 'J1', 'J2', 'J2', 'J2', 'J2', 'J1', 'J1', 'J2', 'J2', 'J1', 'J2', 'J2', 'J2', 'J2', 'J2', 'J1', 'J1', 'J1', 'J2', 'J1', 'J2', 'J2', 'J2', 'J2', 'J2', 'J1', 'J2', 'J2', 'J1', 'J2', 'J2', 'J2', 'J1', 'J1', 'J2', 'J2', 'J2', 'J2', 'J2', 'J1', 'J2', 'J2', 'J1', 'J2', 'J2', 'J2', 'J2', 'J2', 'J2', 'J2', 'J2', 'J2', 'J2', 'J2', 'J1', 'J1', 'J2', 'J2', 'J2', 'J2', 'J2', 'J2', 'J1', 'J2', 'J2']",102
116,J2,18.0,18.540000000000003,18.01,18.443348310674402,1,"['J2', 'J2', 'J2', 'J1', 'J1', 'J2', 'J1', 'J2', 'J1', 'J2', 'J1', 'J2', 'J2', 'J1', 'J2', 'J2', 'J2', 'J1', 'J2', 'J2', 'J2', 'J2', 'J2', 'J2', 'J2', 'J2', 'J2', 'J2', 'J2', 'J2', 'J2', 'J1', 'J2', 'J2', 'J1', 'J1', 'J2', 'J1', 'J2', 'J2', 'J2', 'J2', 'J1', 'J1', 'J2', 'J2', 'J1', 'J2', 'J2', 'J2', 'J2', 'J2', 'J1', 'J1', 'J1', 'J2', 'J1', 'J2', 'J2', 'J2', 'J2', 'J2', 'J1', 'J2', 'J2', 'J1', 'J2', 'J2', 'J2', 'J1', 'J1', 'J2', 'J2', 'J2', 'J2', 'J2', 'J1', 'J2', 'J2', 'J1', 'J2', 'J2', 'J2', 'J2', 'J2', 'J2', 'J2', 'J2', 'J2', 'J2', 'J2', 'J1', 'J1', 'J2', 'J2', 'J2', 'J2', 'J2', 'J2', 'J1', 'J2', 'J2', 'J2']",103
117,J2,18.01,18.540000000000003,18.380000000000003,18.443348310674402,1,"['J2', 'J2', 'J2', 'J1', 'J1', 'J2', 'J1', 'J2', 'J1', 'J2', 'J1', 'J2', 'J2', 'J1', 'J2', 'J2', 'J2', 'J1', 'J2', 'J2', 'J2', 'J2', 'J2', 'J2', 'J2', 'J2', 'J2', 'J2', 'J2', 'J2', 'J2', 'J1', 'J2', 'J2', 'J1', 'J1', 'J2', 'J1', 'J2', 'J2', 'J2', 'J2', 'J1', 'J1', 'J2', 'J2', 'J1', 'J2', 'J2', 'J2', 'J2', 'J2', 'J1', 'J1', 'J1', 'J2', 'J1', 'J2', 'J2', 'J2', 'J2', 'J2', 'J1', 'J2', 'J2', 'J1', 'J2', 'J2', 'J2', 'J1', 'J1', 'J2', 'J2', 'J2', 'J2', 'J2', 'J1', 'J2', 'J2', 'J1', 'J2', 'J2', 'J2', 'J2', 'J2', 'J2', 'J2', 'J2', 'J2', 'J2', 'J2', 'J1', 'J1', 'J2', 'J2', 'J2', 'J2', 'J2', 'J2', 'J1', 'J2', 'J2', 'J2', 'J2']",104
118,J2,18.38,18.540000000000003,18.38,18.443348310674402,1,"['J2', 'J2', 'J2', 'J1', 'J1', 'J2', 'J1', 'J2', 'J1', 'J2', 'J1', 'J2', 'J2', 'J1', 'J2', 'J2', 'J2', 'J1', 'J2', 'J2', 'J2', 'J2', 'J2', 'J2', 'J2', 'J2', 'J2', 'J2', 'J2', 'J2', 'J2', 'J1', 'J2', 'J2', 'J1', 'J1', 'J2', 'J1', 'J2', 'J2', 'J2', 'J2', 'J1', 'J1', 'J2', 'J2', 'J1', 'J2', 'J2', 'J2', 'J2', 'J2', 'J1', 'J1', 'J1', 'J2', 'J1', 'J2', 'J2', 'J2', 'J2', 'J2', 'J1', 'J2', 'J2', 'J1', 'J2', 'J2', 'J2', 'J1', 'J1', 'J2', 'J2', 'J2', 'J2', 'J2', 'J1', 'J2', 'J2', 'J1', 'J2', 'J2', 'J2', 'J2', 'J2', 'J2', 'J2', 'J2', 'J2', 'J2', 'J2', 'J1', 'J1', 'J2', 'J2', 'J2', 'J2', 'J2', 'J2', 'J1', 'J2', 'J2', 'J2', 'J2', 'J2']",105
119,J2,18.38,18.540000000000003,18.43,18.443348310674402,1,"['J2', 'J2', 'J2', 'J1', 'J1', 'J2', 'J1', 'J2', 'J1', 'J2', 'J1', 'J2', 'J2', 'J1', 'J2', 'J2', 'J2', 'J1', 'J2', 'J2', 'J2', 'J2', 'J2', 'J2', 'J2', 'J2', 'J2', 'J2', 'J2', 'J2', 'J2', 'J1', 'J2', 'J2', 'J1', 'J1', 'J2', 'J1', 'J2', 'J2', 'J2', 'J2', 'J1', 'J1', 'J2', 'J2', 'J1', 'J2', 'J2', 'J2', 'J2', 'J2', 'J1', 'J1', 'J1', 'J2', 'J1', 'J2', 'J2', 'J2', 'J2', 'J2', 'J1', 'J2', 'J2', 'J1', 'J2', 'J2', 'J2', 'J1', 'J1', 'J2', 'J2', 'J2', 'J2', 'J2', 'J1', 'J2', 'J2', 'J1', 'J2', 'J2', 'J2', 'J2', 'J2', 'J2', 'J2', 'J2', 'J2', 'J2', 'J2', 'J1', 'J1', 'J2', 'J2', 'J2', 'J2', 'J2', 'J2', 'J1', 'J2', 'J2', 'J2', 'J2', 'J2', 'J2']",106
120,J2,18.43,18.540000000000003,18.669999999999998,18.443348310674402,1,"['J2', 'J2', 'J2', 'J1', 'J1', 'J2', 'J1', 'J2', 'J1', 'J2', 'J1', 'J2', 'J2', 'J1', 'J2', 'J2', 'J2', 'J1', 'J2', 'J2', 'J2', 'J2', 'J2', 'J2', 'J2', 'J2', 'J2', 'J2', 'J2', 'J2', 'J2', 'J1', 'J2', 'J2', 'J1', 'J1', 'J2', 'J1', 'J2', 'J2', 'J2', 'J2', 'J1', 'J1', 'J2', 'J2', 'J1', 'J2', 'J2', 'J2', 'J2', 'J2', 'J1', 'J1', 'J1', 'J2', 'J1', 'J2', 'J2', 'J2', 'J2', 'J2', 'J1', 'J2', 'J2', 'J1', 'J2', 'J2', 'J2', 'J1', 'J1', 'J2', 'J2', 'J2', 'J2', 'J2', 'J1', 'J2', 'J2', 'J1', 'J2', 'J2', 'J2', 'J2', 'J2', 'J2', 'J2', 'J2', 'J2', 'J2', 'J2', 'J1', 'J1', 'J2', 'J2', 'J2', 'J2', 'J2', 'J2', 'J1', 'J2', 'J2', 'J2', 'J2', 'J2', 'J2', 'J2']",107
121,J2,18.44,18.540000000000003,18.669999999999998,21.42691643001597,1,"['J2', 'J2', 'J2', 'J1', 'J1', 'J2', 'J1', 'J2', 'J1', 'J2', 'J1', 'J2', 'J2', 'J1', 'J2', 'J2', 'J2', 'J1', 'J2', 'J2', 'J2', 'J2', 'J2', 'J2', 'J2', 'J2', 'J2', 'J2', 'J2', 'J2', 'J2', 'J1', 'J2', 'J2', 'J1', 'J1', 'J2', 'J1', 'J2', 'J2', 'J2', 'J2', 'J1', 'J1', 'J2', 'J2', 'J1', 'J2', 'J2', 'J2', 'J2', 'J2', 'J1', 'J1', 'J1', 'J2', 'J1', 'J2', 'J2', 'J2', 'J2', 'J2', 'J1', 'J2', 'J2', 'J1', 'J2', 'J2', 'J2', 'J1', 'J1', 'J2', 'J2', 'J2', 'J2', 'J2', 'J1', 'J2', 'J2', 'J1', 'J2', 'J2', 'J2', 'J2', 'J2', 'J2', 'J2', 'J2', 'J2', 'J2', 'J2', 'J1', 'J1', 'J2', 'J2', 'J2', 'J2', 'J2', 'J2', 'J1', 'J2', 'J2', 'J2', 'J2', 'J2', 'J2']",106
122,J1,18.54,21.669999999999998,18.669999999999998,21.42691643001597,1,"['J2', 'J2', 'J2', 'J1', 'J1', 'J2', 'J1', 'J2', 'J1', 'J2', 'J1', 'J2', 'J2', 'J1', 'J2', 'J2', 'J2', 'J1', 'J2', 'J2', 'J2', 'J2', 'J2', 'J2', 'J2', 'J2', 'J2', 'J2', 'J2', 'J2', 'J2', 'J1', 'J2', 'J2', 'J1', 'J1', 'J2', 'J1', 'J2', 'J2', 'J2', 'J2', 'J1', 'J1', 'J2', 'J2', 'J1', 'J2', 'J2', 'J2', 'J2', 'J2', 'J1', 'J1', 'J1', 'J2', 'J1', 'J2', 'J2', 'J2', 'J2', 'J2', 'J1', 'J2', 'J2', 'J1', 'J2', 'J2', 'J2', 'J1', 'J1', 'J2', 'J2', 'J2', 'J2', 'J2', 'J1', 'J2', 'J2', 'J1', 'J2', 'J2', 'J2', 'J2', 'J2', 'J2', 'J2', 'J2', 'J2', 'J2', 'J2', 'J1', 'J1', 'J2', 'J2', 'J2', 'J2', 'J2', 'J2', 'J1', 'J2', 'J2', 'J2', 'J2', 'J2', 'J2', 'J1']",107
123,J2,18.67,21.669999999999998,19.490000000000002,21.42691643001597,1,"['J2', 'J2', 'J2', 'J1', 'J1', 'J2', 'J1', 'J2', 'J1', 'J2', 'J1', 'J2', 'J2', 'J1', 'J2', 'J2', 'J2', 'J1', 'J2', 'J2', 'J2', 'J2', 'J2', 'J2', 'J2', 'J2', 'J2', 'J2', 'J2', 'J2', 'J2', 'J1', 'J2', 'J2', 'J1', 'J1', 'J2', 'J1', 'J2', 'J2', 'J2', 'J2', 'J1', 'J1', 'J2', 'J2', 'J1', 'J2', 'J2', 'J2', 'J2', 'J2', 'J1', 'J1', 'J1', 'J2', 'J1', 'J2', 'J2', 'J2', 'J2', 'J2', 'J1', 'J2', 'J2', 'J1', 'J2', 'J2', 'J2', 'J1', 'J1', 'J2', 'J2', 'J2', 'J2', 'J2', 'J1', 'J2', 'J2', 'J1', 'J2', 'J2', 'J2', 'J2', 'J2', 'J2', 'J2', 'J2', 'J2', 'J2', 'J2', 'J1', 'J1', 'J2', 'J2', 'J2', 'J2', 'J2', 'J2', 'J1', 'J2', 'J2', 'J2', 'J2', 'J2', 'J2', 'J1', 'J2']",108
124,J2,19.49,21.669999999999998,19.669999999999998,21.42691643001597,1,"['J2', 'J2', 'J2', 'J1', 'J1', 'J2', 'J1', 'J2', 'J1', 'J2', 'J1', 'J2', 'J2', 'J1', 'J2', 'J2', 'J2', 'J1', 'J2', 'J2', 'J2', 'J2', 'J2', 'J2', 'J2', 'J2', 'J2', 'J2', 'J2', 'J2', 'J2', 'J1', 'J2', 'J2', 'J1', 'J1', 'J2', 'J1', 'J2', 'J2', 'J2', 'J2', 'J1', 'J1', 'J2', 'J2', 'J1', 'J2', 'J2', 'J2', 'J2', 'J2', 'J1', 'J1', 'J1', 'J2', 'J1', 'J2', 'J2', 'J2', 'J2', 'J2', 'J1', 'J2', 'J2', 'J1', 'J2', 'J2', 'J2', 'J1', 'J1', 'J2', 'J2', 'J2', 'J2', 'J2', 'J1', 'J2', 'J2', 'J1', 'J2', 'J2', 'J2', 'J2', 'J2', 'J2', 'J2', 'J2', 'J2', 'J2', 'J2', 'J1', 'J1', 'J2', 'J2', 'J2', 'J2', 'J2', 'J2', 'J1', 'J2', 'J2', 'J2', 'J2', 'J2', 'J2', 'J1', 'J2', 'J2']",109
125,J2,19.67,21.669999999999998,20.12,21.42691643001597,1,"['J2', 'J2', 'J2', 'J1', 'J1', 'J2', 'J1', 'J2', 'J1', 'J2', 'J1', 'J2', 'J2', 'J1', 'J2', 'J2', 'J2', 'J1', 'J2', 'J2', 'J2', 'J2', 'J2', 'J2', 'J2', 'J2', 'J2', 'J2', 'J2', 'J2', 'J2', 'J1', 'J2', 'J2', 'J1', 'J1', 'J2', 'J1', 'J2', 'J2', 'J2', 'J2', 'J1', 'J1', 'J2', 'J2', 'J1', 'J2', 'J2', 'J2', 'J2', 'J2', 'J1', 'J1', 'J1', 'J2', 'J1', 'J2', 'J2', 'J2', 'J2', 'J2', 'J1', 'J2', 'J2', 'J1', 'J2', 'J2', 'J2', 'J1', 'J1', 'J2', 'J2', 'J2', 'J2', 'J2', 'J1', 'J2', 'J2', 'J1', 'J2', 'J2', 'J2', 'J2', 'J2', 'J2', 'J2', 'J2', 'J2', 'J2', 'J2', 'J1', 'J1', 'J2', 'J2', 'J2', 'J2', 'J2', 'J2', 'J1', 'J2', 'J2', 'J2', 'J2', 'J2', 'J2', 'J1', 'J2', 'J2', 'J2']",110
126,J2,20.12,21.669999999999998,20.330000000000002,21.42691643001597,1,"['J2', 'J2', 'J2', 'J1', 'J1', 'J2', 'J1', 'J2', 'J1', 'J2', 'J1', 'J2', 'J2', 'J1', 'J2', 'J2', 'J2', 'J1', 'J2', 'J2', 'J2', 'J2', 'J2', 'J2', 'J2', 'J2', 'J2', 'J2', 'J2', 'J2', 'J2', 'J1', 'J2', 'J2', 'J1', 'J1', 'J2', 'J1', 'J2', 'J2', 'J2', 'J2', 'J1', 'J1', 'J2', 'J2', 'J1', 'J2', 'J2', 'J2', 'J2', 'J2', 'J1', 'J1', 'J1', 'J2', 'J1', 'J2', 'J2', 'J2', 'J2', 'J2', 'J1', 'J2', 'J2', 'J1', 'J2', 'J2', 'J2', 'J1', 'J1', 'J2', 'J2', 'J2', 'J2', 'J2', 'J1', 'J2', 'J2', 'J1', 'J2', 'J2', 'J2', 'J2', 'J2', 'J2', 'J2', 'J2', 'J2', 'J2', 'J2', 'J1', 'J1', 'J2', 'J2', 'J2', 'J2', 'J2', 'J2', 'J1', 'J2', 'J2', 'J2', 'J2', 'J2', 'J2', 'J1', 'J2', 'J2', 'J2', 'J2']",111
127,J2,20.33,21.669999999999998,20.349999999999998,21.42691643001597,1,"['J2', 'J2', 'J2', 'J1', 'J1', 'J2', 'J1', 'J2', 'J1', 'J2', 'J1', 'J2', 'J2', 'J1', 'J2', 'J2', 'J2', 'J1', 'J2', 'J2', 'J2', 'J2', 'J2', 'J2', 'J2', 'J2', 'J2', 'J2', 'J2', 'J2', 'J2', 'J1', 'J2', 'J2', 'J1', 'J1', 'J2', 'J1', 'J2', 'J2', 'J2', 'J2', 'J1', 'J1', 'J2', 'J2', 'J1', 'J2', 'J2', 'J2', 'J2', 'J2', 'J1', 'J1', 'J1', 'J2', 'J1', 'J2', 'J2', 'J2', 'J2', 'J2', 'J1', 'J2', 'J2', 'J1', 'J2', 'J2', 'J2', 'J1', 'J1', 'J2', 'J2', 'J2', 'J2', 'J2', 'J1', 'J2', 'J2', 'J1', 'J2', 'J2', 'J2', 'J2', 'J2', 'J2', 'J2', 'J2', 'J2', 'J2', 'J2', 'J1', 'J1', 'J2', 'J2', 'J2', 'J2', 'J2', 'J2', 'J1', 'J2', 'J2', 'J2', 'J2', 'J2', 'J2', 'J1', 'J2', 'J2', 'J2', 'J2', 'J2']",112
128,J2,20.35,21.669999999999998,20.790000000000003,21.42691643001597,1,"['J2', 'J2', 'J2', 'J1', 'J1', 'J2', 'J1', 'J2', 'J1', 'J2', 'J1', 'J2', 'J2', 'J1', 'J2', 'J2', 'J2', 'J1', 'J2', 'J2', 'J2', 'J2', 'J2', 'J2', 'J2', 'J2', 'J2', 'J2', 'J2', 'J2', 'J2', 'J1', 'J2', 'J2', 'J1', 'J1', 'J2', 'J1', 'J2', 'J2', 'J2', 'J2', 'J1', 'J1', 'J2', 'J2', 'J1', 'J2', 'J2', 'J2', 'J2', 'J2', 'J1', 'J1', 'J1', 'J2', 'J1', 'J2', 'J2', 'J2', 'J2', 'J2', 'J1', 'J2', 'J2', 'J1', 'J2', 'J2', 'J2', 'J1', 'J1', 'J2', 'J2', 'J2', 'J2', 'J2', 'J1', 'J2', 'J2', 'J1', 'J2', 'J2', 'J2', 'J2', 'J2', 'J2', 'J2', 'J2', 'J2', 'J2', 'J2', 'J1', 'J1', 'J2', 'J2', 'J2', 'J2', 'J2', 'J2', 'J1', 'J2', 'J2', 'J2', 'J2', 'J2', 'J2', 'J1', 'J2', 'J2', 'J2', 'J2', 'J2', 'J2']",113
129,J2,20.79,21.669999999999998,21.02,21.42691643001597,1,"['J2', 'J2', 'J2', 'J1', 'J1', 'J2', 'J1', 'J2', 'J1', 'J2', 'J1', 'J2', 'J2', 'J1', 'J2', 'J2', 'J2', 'J1', 'J2', 'J2', 'J2', 'J2', 'J2', 'J2', 'J2', 'J2', 'J2', 'J2', 'J2', 'J2', 'J2', 'J1', 'J2', 'J2', 'J1', 'J1', 'J2', 'J1', 'J2', 'J2', 'J2', 'J2', 'J1', 'J1', 'J2', 'J2', 'J1', 'J2', 'J2', 'J2', 'J2', 'J2', 'J1', 'J1', 'J1', 'J2', 'J1', 'J2', 'J2', 'J2', 'J2', 'J2', 'J1', 'J2', 'J2', 'J1', 'J2', 'J2', 'J2', 'J1', 'J1', 'J2', 'J2', 'J2', 'J2', 'J2', 'J1', 'J2', 'J2', 'J1', 'J2', 'J2', 'J2', 'J2', 'J2', 'J2', 'J2', 'J2', 'J2', 'J2', 'J2', 'J1', 'J1', 'J2', 'J2', 'J2', 'J2', 'J2', 'J2', 'J1', 'J2', 'J2', 'J2', 'J2', 'J2', 'J2', 'J1', 'J2', 'J2', 'J2', 'J2', 'J2', 'J2', 'J2']",114
130,J2,21.02,21.669999999999998,21.24,21.42691643001597,1,"['J2', 'J2', 'J2', 'J1', 'J1', 'J2', 'J1', 'J2', 'J1', 'J2', 'J1', 'J2', 'J2', 'J1', 'J2', 'J2', 'J2', 'J1', 'J2', 'J2', 'J2', 'J2', 'J2', 'J2', 'J2', 'J2', 'J2', 'J2', 'J2', 'J2', 'J2', 'J1', 'J2', 'J2', 'J1', 'J1', 'J2', 'J1', 'J2', 'J2', 'J2', 'J2', 'J1', 'J1', 'J2', 'J2', 'J1', 'J2', 'J2', 'J2', 'J2', 'J2', 'J1', 'J1', 'J1', 'J2', 'J1', 'J2', 'J2', 'J2', 'J2', 'J2', 'J1', 'J2', 'J2', 'J1', 'J2', 'J2', 'J2', 'J1', 'J1', 'J2', 'J2', 'J2', 'J2', 'J2', 'J1', 'J2', 'J2', 'J1', 'J2', 'J2', 'J2', 'J2', 'J2', 'J2', 'J2', 'J2', 'J2', 'J2', 'J2', 'J1', 'J1', 'J2', 'J2', 'J2', 'J2', 'J2', 'J2', 'J1', 'J2', 'J2', 'J2', 'J2', 'J2', 'J2', 'J1', 'J2', 'J2', 'J2', 'J2', 'J2', 'J2', 'J2', 'J2']",115
131,J2,21.24,21.669999999999998,21.65,21.42691643001597,1,"['J2', 'J2', 'J2', 'J1', 'J1', 'J2', 'J1', 'J2', 'J1', 'J2', 'J1', 'J2', 'J2', 'J1', 'J2', 'J2', 'J2', 'J1', 'J2', 'J2', 'J2', 'J2', 'J2', 'J2', 'J2', 'J2', 'J2', 'J2', 'J2', 'J2', 'J2', 'J1', 'J2', 'J2', 'J1', 'J1', 'J2', 'J1', 'J2', 'J2', 'J2', 'J2', 'J1', 'J1', 'J2', 'J2', 'J1', 'J2', 'J2', 'J2', 'J2', 'J2', 'J1', 'J1', 'J1', 'J2', 'J1', 'J2', 'J2', 'J2', 'J2', 'J2', 'J1', 'J2', 'J2', 'J1', 'J2', 'J2', 'J2', 'J1', 'J1', 'J2', 'J2', 'J2', 'J2', 'J2', 'J1', 'J2', 'J2', 'J1', 'J2', 'J2', 'J2', 'J2', 'J2', 'J2', 'J2', 'J2', 'J2', 'J2', 'J2', 'J1', 'J1', 'J2', 'J2', 'J2', 'J2', 'J2', 'J2', 'J1', 'J2', 'J2', 'J2', 'J2', 'J2', 'J2', 'J1', 'J2', 'J2', 'J2', 'J2', 'J2', 'J2', 'J2', 'J2', 'J2']",116
132,J2,21.43,21.669999999999998,21.65,23.805323383916093,1,"['J2', 'J2', 'J2', 'J1', 'J1', 'J2', 'J1', 'J2', 'J1', 'J2', 'J1', 'J2', 'J2', 'J1', 'J2', 'J2', 'J2', 'J1', 'J2', 'J2', 'J2', 'J2', 'J2', 'J2', 'J2', 'J2', 'J2', 'J2', 'J2', 'J2', 'J2', 'J1', 'J2', 'J2', 'J1', 'J1', 'J2', 'J1', 'J2', 'J2', 'J2', 'J2', 'J1', 'J1', 'J2', 'J2', 'J1', 'J2', 'J2', 'J2', 'J2', 'J2', 'J1', 'J1', 'J1', 'J2', 'J1', 'J2', 'J2', 'J2', 'J2', 'J2', 'J1', 'J2', 'J2', 'J1', 'J2', 'J2', 'J2', 'J1', 'J1', 'J2', 'J2', 'J2', 'J2', 'J2', 'J1', 'J2', 'J2', 'J1', 'J2', 'J2', 'J2', 'J2', 'J2', 'J2', 'J2', 'J2', 'J2', 'J2', 'J2', 'J1', 'J1', 'J2', 'J2', 'J2', 'J2', 'J2', 'J2', 'J1', 'J2', 'J2', 'J2', 'J2', 'J2', 'J2', 'J1', 'J2', 'J2', 'J2', 'J2', 'J2', 'J2', 'J2', 'J2']",115
133,J2,21.65,21.669999999999998,22.049999999999997,23.805323383916093,1,"['J2', 'J2', 'J2', 'J1', 'J1', 'J2', 'J1', 'J2', 'J1', 'J2', 'J1', 'J2', 'J2', 'J1', 'J2', 'J2', 'J2', 'J1', 'J2', 'J2', 'J2', 'J2', 'J2', 'J2', 'J2', 'J2', 'J2', 'J2', 'J2', 'J2', 'J2', 'J1', 'J2', 'J2', 'J1', 'J1', 'J2', 'J1', 'J2', 'J2', 'J2', 'J2', 'J1', 'J1', 'J2', 'J2', 'J1', 'J2', 'J2', 'J2', 'J2', 'J2', 'J1', 'J1', 'J1', 'J2', 'J1', 'J2', 'J2', 'J2', 'J2', 'J2', 'J1', 'J2', 'J2', 'J1', 'J2', 'J2', 'J2', 'J1', 'J1', 'J2', 'J2', 'J2', 'J2', 'J2', 'J1', 'J2', 'J2', 'J1', 'J2', 'J2', 'J2', 'J2', 'J2', 'J2', 'J2', 'J2', 'J2', 'J2', 'J2', 'J1', 'J1', 'J2', 'J2', 'J2', 'J2', 'J2', 'J2', 'J1', 'J2', 'J2', 'J2', 'J2', 'J2', 'J2', 'J1', 'J2', 'J2', 'J2', 'J2', 'J2', 'J2', 'J2', 'J2', 'J2']",116
134,J1,21.67,23.180000000000003,22.049999999999997,23.805323383916093,1,"['J2', 'J2', 'J2', 'J1', 'J1', 'J2', 'J1', 'J2', 'J1', 'J2', 'J1', 'J2', 'J2', 'J1', 'J2', 'J2', 'J2', 'J1', 'J2', 'J2', 'J2', 'J2', 'J2', 'J2', 'J2', 'J2', 'J2', 'J2', 'J2', 'J2', 'J2', 'J1', 'J2', 'J2', 'J1', 'J1', 'J2', 'J1', 'J2', 'J2', 'J2', 'J2', 'J1', 'J1', 'J2', 'J2', 'J1', 'J2', 'J2', 'J2', 'J2', 'J2', 'J1', 'J1', 'J1', 'J2', 'J1', 'J2', 'J2', 'J2', 'J2', 'J2', 'J1', 'J2', 'J2', 'J1', 'J2', 'J2', 'J2', 'J1', 'J1', 'J2', 'J2', 'J2', 'J2', 'J2', 'J1', 'J2', 'J2', 'J1', 'J2', 'J2', 'J2', 'J2', 'J2', 'J2', 'J2', 'J2', 'J2', 'J2', 'J2', 'J1', 'J1', 'J2', 'J2', 'J2', 'J2', 'J2', 'J2', 'J1', 'J2', 'J2', 'J2', 'J2', 'J2', 'J2', 'J1', 'J2', 'J2', 'J2', 'J2', 'J2', 'J2', 'J2', 'J2', 'J2', 'J1']",117
135,J2,22.05,23.180000000000003,22.240000000000002,23.805323383916093,1,"['J2', 'J2', 'J2', 'J1', 'J1', 'J2', 'J1', 'J2', 'J1', 'J2', 'J1', 'J2', 'J2', 'J1', 'J2', 'J2', 'J2', 'J1', 'J2', 'J2', 'J2', 'J2', 'J2', 'J2', 'J2', 'J2', 'J2', 'J2', 'J2', 'J2', 'J2', 'J1', 'J2', 'J2', 'J1', 'J1', 'J2', 'J1', 'J2', 'J2', 'J2', 'J2', 'J1', 'J1', 'J2', 'J2', 'J1', 'J2', 'J2', 'J2', 'J2', 'J2', 'J1', 'J1', 'J1', 'J2', 'J1', 'J2', 'J2', 'J2', 'J2', 'J2', 'J1', 'J2', 'J2', 'J1', 'J2', 'J2', 'J2', 'J1', 'J1', 'J2', 'J2', 'J2', 'J2', 'J2', 'J1', 'J2', 'J2', 'J1', 'J2', 'J2', 'J2', 'J2', 'J2', 'J2', 'J2', 'J2', 'J2', 'J2', 'J2', 'J1', 'J1', 'J2', 'J2', 'J2', 'J2', 'J2', 'J2', 'J1', 'J2', 'J2', 'J2', 'J2', 'J2', 'J2', 'J1', 'J2', 'J2', 'J2', 'J2', 'J2', 'J2', 'J2', 'J2', 'J2', 'J1', 'J2']",118
136,J2,22.24,23.180000000000003,22.669999999999998,23.805323383916093,1,"['J2', 'J2', 'J2', 'J1', 'J1', 'J2', 'J1', 'J2', 'J1', 'J2', 'J1', 'J2', 'J2', 'J1', 'J2', 'J2', 'J2', 'J1', 'J2', 'J2', 'J2', 'J2', 'J2', 'J2', 'J2', 'J2', 'J2', 'J2', 'J2', 'J2', 'J2', 'J1', 'J2', 'J2', 'J1', 'J1', 'J2', 'J1', 'J2', 'J2', 'J2', 'J2', 'J1', 'J1', 'J2', 'J2', 'J1', 'J2', 'J2', 'J2', 'J2', 'J2', 'J1', 'J1', 'J1', 'J2', 'J1', 'J2', 'J2', 'J2', 'J2', 'J2', 'J1', 'J2', 'J2', 'J1', 'J2', 'J2', 'J2', 'J1', 'J1', 'J2', 'J2', 'J2', 'J2', 'J2', 'J1', 'J2', 'J2', 'J1', 'J2', 'J2', 'J2', 'J2', 'J2', 'J2', 'J2', 'J2', 'J2', 'J2', 'J2', 'J1', 'J1', 'J2', 'J2', 'J2', 'J2', 'J2', 'J2', 'J1', 'J2', 'J2', 'J2', 'J2', 'J2', 'J2', 'J1', 'J2', 'J2', 'J2', 'J2', 'J2', 'J2', 'J2', 'J2', 'J2', 'J1', 'J2', 'J2']",119
137,J2,22.67,23.180000000000003,22.770000000000003,23.805323383916093,1,"['J2', 'J2', 'J2', 'J1', 'J1', 'J2', 'J1', 'J2', 'J1', 'J2', 'J1', 'J2', 'J2', 'J1', 'J2', 'J2', 'J2', 'J1', 'J2', 'J2', 'J2', 'J2', 'J2', 'J2', 'J2', 'J2', 'J2', 'J2', 'J2', 'J2', 'J2', 'J1', 'J2', 'J2', 'J1', 'J1', 'J2', 'J1', 'J2', 'J2', 'J2', 'J2', 'J1', 'J1', 'J2', 'J2', 'J1', 'J2', 'J2', 'J2', 'J2', 'J2', 'J1', 'J1', 'J1', 'J2', 'J1', 'J2', 'J2', 'J2', 'J2', 'J2', 'J1', 'J2', 'J2', 'J1', 'J2', 'J2', 'J2', 'J1', 'J1', 'J2', 'J2', 'J2', 'J2', 'J2', 'J1', 'J2', 'J2', 'J1', 'J2', 'J2', 'J2', 'J2', 'J2', 'J2', 'J2', 'J2', 'J2', 'J2', 'J2', 'J1', 'J1', 'J2', 'J2', 'J2', 'J2', 'J2', 'J2', 'J1', 'J2', 'J2', 'J2', 'J2', 'J2', 'J2', 'J1', 'J2', 'J2', 'J2', 'J2', 'J2', 'J2', 'J2', 'J2', 'J2', 'J1', 'J2', 'J2', 'J2']",120
138,J2,22.77,23.180000000000003,23.32,23.805323383916093,1,"['J2', 'J2', 'J2', 'J1', 'J1', 'J2', 'J1', 'J2', 'J1', 'J2', 'J1', 'J2', 'J2', 'J1', 'J2', 'J2', 'J2', 'J1', 'J2', 'J2', 'J2', 'J2', 'J2', 'J2', 'J2', 'J2', 'J2', 'J2', 'J2', 'J2', 'J2', 'J1', 'J2', 'J2', 'J1', 'J1', 'J2', 'J1', 'J2', 'J2', 'J2', 'J2', 'J1', 'J1', 'J2', 'J2', 'J1', 'J2', 'J2', 'J2', 'J2', 'J2', 'J1', 'J1', 'J1', 'J2', 'J1', 'J2', 'J2', 'J2', 'J2', 'J2', 'J1', 'J2', 'J2', 'J1', 'J2', 'J2', 'J2', 'J1', 'J1', 'J2', 'J2', 'J2', 'J2', 'J2', 'J1', 'J2', 'J2', 'J1', 'J2', 'J2', 'J2', 'J2', 'J2', 'J2', 'J2', 'J2', 'J2', 'J2', 'J2', 'J1', 'J1', 'J2', 'J2', 'J2', 'J2', 'J2', 'J2', 'J1', 'J2', 'J2', 'J2', 'J2', 'J2', 'J2', 'J1', 'J2', 'J2', 'J2', 'J2', 'J2', 'J2', 'J2', 'J2', 'J2', 'J1', 'J2', 'J2', 'J2', 'J2']",121
139,J1,23.18,23.35,23.32,23.805323383916093,1,"['J2', 'J2', 'J2', 'J1', 'J1', 'J2', 'J1', 'J2', 'J1', 'J2', 'J1', 'J2', 'J2', 'J1', 'J2', 'J2', 'J2', 'J1', 'J2', 'J2', 'J2', 'J2', 'J2', 'J2', 'J2', 'J2', 'J2', 'J2', 'J2', 'J2', 'J2', 'J1', 'J2', 'J2', 'J1', 'J1', 'J2', 'J1', 'J2', 'J2', 'J2', 'J2', 'J1', 'J1', 'J2', 'J2', 'J1', 'J2', 'J2', 'J2', 'J2', 'J2', 'J1', 'J1', 'J1', 'J2', 'J1', 'J2', 'J2', 'J2', 'J2', 'J2', 'J1', 'J2', 'J2', 'J1', 'J2', 'J2', 'J2', 'J1', 'J1', 'J2', 'J2', 'J2', 'J2', 'J2', 'J1', 'J2', 'J2', 'J1', 'J2', 'J2', 'J2', 'J2', 'J2', 'J2', 'J2', 'J2', 'J2', 'J2', 'J2', 'J1', 'J1', 'J2', 'J2', 'J2', 'J2', 'J2', 'J2', 'J1', 'J2', 'J2', 'J2', 'J2', 'J2', 'J2', 'J1', 'J2', 'J2', 'J2', 'J2', 'J2', 'J2', 'J2', 'J2', 'J2', 'J1', 'J2', 'J2', 'J2', 'J2', 'J1']",122
140,J2,23.32,23.35,23.34,23.805323383916093,1,"['J2', 'J2', 'J2', 'J1', 'J1', 'J2', 'J1', 'J2', 'J1', 'J2', 'J1', 'J2', 'J2', 'J1', 'J2', 'J2', 'J2', 'J1', 'J2', 'J2', 'J2', 'J2', 'J2', 'J2', 'J2', 'J2', 'J2', 'J2', 'J2', 'J2', 'J2', 'J1', 'J2', 'J2', 'J1', 'J1', 'J2', 'J1', 'J2', 'J2', 'J2', 'J2', 'J1', 'J1', 'J2', 'J2', 'J1', 'J2', 'J2', 'J2', 'J2', 'J2', 'J1', 'J1', 'J1', 'J2', 'J1', 'J2', 'J2', 'J2', 'J2', 'J2', 'J1', 'J2', 'J2', 'J1', 'J2', 'J2', 'J2', 'J1', 'J1', 'J2', 'J2', 'J2', 'J2', 'J2', 'J1', 'J2', 'J2', 'J1', 'J2', 'J2', 'J2', 'J2', 'J2', 'J2', 'J2', 'J2', 'J2', 'J2', 'J2', 'J1', 'J1', 'J2', 'J2', 'J2', 'J2', 'J2', 'J2', 'J1', 'J2', 'J2', 'J2', 'J2', 'J2', 'J2', 'J1', 'J2', 'J2', 'J2', 'J2', 'J2', 'J2', 'J2', 'J2', 'J2', 'J1', 'J2', 'J2', 'J2', 'J2', 'J1', 'J2']",123
141,J2,23.34,23.35,23.38,23.805323383916093,1,"['J2', 'J2', 'J2', 'J1', 'J1', 'J2', 'J1', 'J2', 'J1', 'J2', 'J1', 'J2', 'J2', 'J1', 'J2', 'J2', 'J2', 'J1', 'J2', 'J2', 'J2', 'J2', 'J2', 'J2', 'J2', 'J2', 'J2', 'J2', 'J2', 'J2', 'J2', 'J1', 'J2', 'J2', 'J1', 'J1', 'J2', 'J1', 'J2', 'J2', 'J2', 'J2', 'J1', 'J1', 'J2', 'J2', 'J1', 'J2', 'J2', 'J2', 'J2', 'J2', 'J1', 'J1', 'J1', 'J2', 'J1', 'J2', 'J2', 'J2', 'J2', 'J2', 'J1', 'J2', 'J2', 'J1', 'J2', 'J2', 'J2', 'J1', 'J1', 'J2', 'J2', 'J2', 'J2', 'J2', 'J1', 'J2', 'J2', 'J1', 'J2', 'J2', 'J2', 'J2', 'J2', 'J2', 'J2', 'J2', 'J2', 'J2', 'J2', 'J1', 'J1', 'J2', 'J2', 'J2', 'J2', 'J2', 'J2', 'J1', 'J2', 'J2', 'J2', 'J2', 'J2', 'J2', 'J1', 'J2', 'J2', 'J2', 'J2', 'J2', 'J2', 'J2', 'J2', 'J2', 'J1', 'J2', 'J2', 'J2', 'J2', 'J1', 'J2', 'J2']",124
142,J1,23.35,23.39,23.38,23.805323383916093,1,"['J2', 'J2', 'J2', 'J1', 'J1', 'J2', 'J1', 'J2', 'J1', 'J2', 'J1', 'J2', 'J2', 'J1', 'J2', 'J2', 'J2', 'J1', 'J2', 'J2', 'J2', 'J2', 'J2', 'J2', 'J2', 'J2', 'J2', 'J2', 'J2', 'J2', 'J2', 'J1', 'J2', 'J2', 'J1', 'J1', 'J2', 'J1', 'J2', 'J2', 'J2', 'J2', 'J1', 'J1', 'J2', 'J2', 'J1', 'J2', 'J2', 'J2', 'J2', 'J2', 'J1', 'J1', 'J1', 'J2', 'J1', 'J2', 'J2', 'J2', 'J2', 'J2', 'J1', 'J2', 'J2', 'J1', 'J2', 'J2', 'J2', 'J1', 'J1', 'J2', 'J2', 'J2', 'J2', 'J2', 'J1', 'J2', 'J2', 'J1', 'J2', 'J2', 'J2', 'J2', 'J2', 'J2', 'J2', 'J2', 'J2', 'J2', 'J2', 'J1', 'J1', 'J2', 'J2', 'J2', 'J2', 'J2', 'J2', 'J1', 'J2', 'J2', 'J2', 'J2', 'J2', 'J2', 'J1', 'J2', 'J2', 'J2', 'J2', 'J2', 'J2', 'J2', 'J2', 'J2', 'J1', 'J2', 'J2', 'J2', 'J2', 'J1', 'J2', 'J2', 'J1']",125
143,J2,23.38,23.39,24.18,23.805323383916093,1,"['J2', 'J2', 'J2', 'J1', 'J1', 'J2', 'J1', 'J2', 'J1', 'J2', 'J1', 'J2', 'J2', 'J1', 'J2', 'J2', 'J2', 'J1', 'J2', 'J2', 'J2', 'J2', 'J2', 'J2', 'J2', 'J2', 'J2', 'J2', 'J2', 'J2', 'J2', 'J1', 'J2', 'J2', 'J1', 'J1', 'J2', 'J1', 'J2', 'J2', 'J2', 'J2', 'J1', 'J1', 'J2', 'J2', 'J1', 'J2', 'J2', 'J2', 'J2', 'J2', 'J1', 'J1', 'J1', 'J2', 'J1', 'J2', 'J2', 'J2', 'J2', 'J2', 'J1', 'J2', 'J2', 'J1', 'J2', 'J2', 'J2', 'J1', 'J1', 'J2', 'J2', 'J2', 'J2', 'J2', 'J1', 'J2', 'J2', 'J1', 'J2', 'J2', 'J2', 'J2', 'J2', 'J2', 'J2', 'J2', 'J2', 'J2', 'J2', 'J1', 'J1', 'J2', 'J2', 'J2', 'J2', 'J2', 'J2', 'J1', 'J2', 'J2', 'J2', 'J2', 'J2', 'J2', 'J1', 'J2', 'J2', 'J2', 'J2', 'J2', 'J2', 'J2', 'J2', 'J2', 'J1', 'J2', 'J2', 'J2', 'J2', 'J1', 'J2', 'J2', 'J1', 'J2']",126
144,J1,23.39,23.57,24.18,23.805323383916093,1,"['J2', 'J2', 'J2', 'J1', 'J1', 'J2', 'J1', 'J2', 'J1', 'J2', 'J1', 'J2', 'J2', 'J1', 'J2', 'J2', 'J2', 'J1', 'J2', 'J2', 'J2', 'J2', 'J2', 'J2', 'J2', 'J2', 'J2', 'J2', 'J2', 'J2', 'J2', 'J1', 'J2', 'J2', 'J1', 'J1', 'J2', 'J1', 'J2', 'J2', 'J2', 'J2', 'J1', 'J1', 'J2', 'J2', 'J1', 'J2', 'J2', 'J2', 'J2', 'J2', 'J1', 'J1', 'J1', 'J2', 'J1', 'J2', 'J2', 'J2', 'J2', 'J2', 'J1', 'J2', 'J2', 'J1', 'J2', 'J2', 'J2', 'J1', 'J1', 'J2', 'J2', 'J2', 'J2', 'J2', 'J1', 'J2', 'J2', 'J1', 'J2', 'J2', 'J2', 'J2', 'J2', 'J2', 'J2', 'J2', 'J2', 'J2', 'J2', 'J1', 'J1', 'J2', 'J2', 'J2', 'J2', 'J2', 'J2', 'J1', 'J2', 'J2', 'J2', 'J2', 'J2', 'J2', 'J1', 'J2', 'J2', 'J2', 'J2', 'J2', 'J2', 'J2', 'J2', 'J2', 'J1', 'J2', 'J2', 'J2', 'J2', 'J1', 'J2', 'J2', 'J1', 'J2', 'J1']",127
145,J1,23.57,23.76,24.18,23.805323383916093,1,"['J2', 'J2', 'J2', 'J1', 'J1', 'J2', 'J1', 'J2', 'J1', 'J2', 'J1', 'J2', 'J2', 'J1', 'J2', 'J2', 'J2', 'J1', 'J2', 'J2', 'J2', 'J2', 'J2', 'J2', 'J2', 'J2', 'J2', 'J2', 'J2', 'J2', 'J2', 'J1', 'J2', 'J2', 'J1', 'J1', 'J2', 'J1', 'J2', 'J2', 'J2', 'J2', 'J1', 'J1', 'J2', 'J2', 'J1', 'J2', 'J2', 'J2', 'J2', 'J2', 'J1', 'J1', 'J1', 'J2', 'J1', 'J2', 'J2', 'J2', 'J2', 'J2', 'J1', 'J2', 'J2', 'J1', 'J2', 'J2', 'J2', 'J1', 'J1', 'J2', 'J2', 'J2', 'J2', 'J2', 'J1', 'J2', 'J2', 'J1', 'J2', 'J2', 'J2', 'J2', 'J2', 'J2', 'J2', 'J2', 'J2', 'J2', 'J2', 'J1', 'J1', 'J2', 'J2', 'J2', 'J2', 'J2', 'J2', 'J1', 'J2', 'J2', 'J2', 'J2', 'J2', 'J2', 'J1', 'J2', 'J2', 'J2', 'J2', 'J2', 'J2', 'J2', 'J2', 'J2', 'J1', 'J2', 'J2', 'J2', 'J2', 'J1', 'J2', 'J2', 'J1', 'J2', 'J1', 'J1']",128
146,J1,23.76,24.96,24.18,23.805323383916093,1,"['J2', 'J2', 'J2', 'J1', 'J1', 'J2', 'J1', 'J2', 'J1', 'J2', 'J1', 'J2', 'J2', 'J1', 'J2', 'J2', 'J2', 'J1', 'J2', 'J2', 'J2', 'J2', 'J2', 'J2', 'J2', 'J2', 'J2', 'J2', 'J2', 'J2', 'J2', 'J1', 'J2', 'J2', 'J1', 'J1', 'J2', 'J1', 'J2', 'J2', 'J2', 'J2', 'J1', 'J1', 'J2', 'J2', 'J1', 'J2', 'J2', 'J2', 'J2', 'J2', 'J1', 'J1', 'J1', 'J2', 'J1', 'J2', 'J2', 'J2', 'J2', 'J2', 'J1', 'J2', 'J2', 'J1', 'J2', 'J2', 'J2', 'J1', 'J1', 'J2', 'J2', 'J2', 'J2', 'J2', 'J1', 'J2', 'J2', 'J1', 'J2', 'J2', 'J2', 'J2', 'J2', 'J2', 'J2', 'J2', 'J2', 'J2', 'J2', 'J1', 'J1', 'J2', 'J2', 'J2', 'J2', 'J2', 'J2', 'J1', 'J2', 'J2', 'J2', 'J2', 'J2', 'J2', 'J1', 'J2', 'J2', 'J2', 'J2', 'J2', 'J2', 'J2', 'J2', 'J2', 'J1', 'J2', 'J2', 'J2', 'J2', 'J1', 'J2', 'J2', 'J1', 'J2', 'J1', 'J1', 'J1']",129
147,J1,23.81,24.96,24.18,25.64632118522656,1,"['J2', 'J2', 'J2', 'J1', 'J1', 'J2', 'J1', 'J2', 'J1', 'J2', 'J1', 'J2', 'J2', 'J1', 'J2', 'J2', 'J2', 'J1', 'J2', 'J2', 'J2', 'J2', 'J2', 'J2', 'J2', 'J2', 'J2', 'J2', 'J2', 'J2', 'J2', 'J1', 'J2', 'J2', 'J1', 'J1', 'J2', 'J1', 'J2', 'J2', 'J2', 'J2', 'J1', 'J1', 'J2', 'J2', 'J1', 'J2', 'J2', 'J2', 'J2', 'J2', 'J1', 'J1', 'J1', 'J2', 'J1', 'J2', 'J2', 'J2', 'J2', 'J2', 'J1', 'J2', 'J2', 'J1', 'J2', 'J2', 'J2', 'J1', 'J1', 'J2', 'J2', 'J2', 'J2', 'J2', 'J1', 'J2', 'J2', 'J1', 'J2', 'J2', 'J2', 'J2', 'J2', 'J2', 'J2', 'J2', 'J2', 'J2', 'J2', 'J1', 'J1', 'J2', 'J2', 'J2', 'J2', 'J2', 'J2', 'J1', 'J2', 'J2', 'J2', 'J2', 'J2', 'J2', 'J1', 'J2', 'J2', 'J2', 'J2', 'J2', 'J2', 'J2', 'J2', 'J2', 'J1', 'J2', 'J2', 'J2', 'J2', 'J1', 'J2', 'J2', 'J1', 'J2', 'J1', 'J1']",128
148,J2,24.18,24.96,24.36,25.64632118522656,1,"['J2', 'J2', 'J2', 'J1', 'J1', 'J2', 'J1', 'J2', 'J1', 'J2', 'J1', 'J2', 'J2', 'J1', 'J2', 'J2', 'J2', 'J1', 'J2', 'J2', 'J2', 'J2', 'J2', 'J2', 'J2', 'J2', 'J2', 'J2', 'J2', 'J2', 'J2', 'J1', 'J2', 'J2', 'J1', 'J1', 'J2', 'J1', 'J2', 'J2', 'J2', 'J2', 'J1', 'J1', 'J2', 'J2', 'J1', 'J2', 'J2', 'J2', 'J2', 'J2', 'J1', 'J1', 'J1', 'J2', 'J1', 'J2', 'J2', 'J2', 'J2', 'J2', 'J1', 'J2', 'J2', 'J1', 'J2', 'J2', 'J2', 'J1', 'J1', 'J2', 'J2', 'J2', 'J2', 'J2', 'J1', 'J2', 'J2', 'J1', 'J2', 'J2', 'J2', 'J2', 'J2', 'J2', 'J2', 'J2', 'J2', 'J2', 'J2', 'J1', 'J1', 'J2', 'J2', 'J2', 'J2', 'J2', 'J2', 'J1', 'J2', 'J2', 'J2', 'J2', 'J2', 'J2', 'J1', 'J2', 'J2', 'J2', 'J2', 'J2', 'J2', 'J2', 'J2', 'J2', 'J1', 'J2', 'J2', 'J2', 'J2', 'J1', 'J2', 'J2', 'J1', 'J2', 'J1', 'J1', 'J2']",129
149,J2,24.36,24.96,25.24,25.64632118522656,1,"['J2', 'J2', 'J2', 'J1', 'J1', 'J2', 'J1', 'J2', 'J1', 'J2', 'J1', 'J2', 'J2', 'J1', 'J2', 'J2', 'J2', 'J1', 'J2', 'J2', 'J2', 'J2', 'J2', 'J2', 'J2', 'J2', 'J2', 'J2', 'J2', 'J2', 'J2', 'J1', 'J2', 'J2', 'J1', 'J1', 'J2', 'J1', 'J2', 'J2', 'J2', 'J2', 'J1', 'J1', 'J2', 'J2', 'J1', 'J2', 'J2', 'J2', 'J2', 'J2', 'J1', 'J1', 'J1', 'J2', 'J1', 'J2', 'J2', 'J2', 'J2', 'J2', 'J1', 'J2', 'J2', 'J1', 'J2', 'J2', 'J2', 'J1', 'J1', 'J2', 'J2', 'J2', 'J2', 'J2', 'J1', 'J2', 'J2', 'J1', 'J2', 'J2', 'J2', 'J2', 'J2', 'J2', 'J2', 'J2', 'J2', 'J2', 'J2', 'J1', 'J1', 'J2', 'J2', 'J2', 'J2', 'J2', 'J2', 'J1', 'J2', 'J2', 'J2', 'J2', 'J2', 'J2', 'J1', 'J2', 'J2', 'J2', 'J2', 'J2', 'J2', 'J2', 'J2', 'J2', 'J1', 'J2', 'J2', 'J2', 'J2', 'J1', 'J2', 'J2', 'J1', 'J2', 'J1', 'J1', 'J2', 'J2']",130
150,J1,24.96,26.84,25.24,25.64632118522656,1,"['J2', 'J2', 'J2', 'J1', 'J1', 'J2', 'J1', 'J2', 'J1', 'J2', 'J1', 'J2', 'J2', 'J1', 'J2', 'J2', 'J2', 'J1', 'J2', 'J2', 'J2', 'J2', 'J2', 'J2', 'J2', 'J2', 'J2', 'J2', 'J2', 'J2', 'J2', 'J1', 'J2', 'J2', 'J1', 'J1', 'J2', 'J1', 'J2', 'J2', 'J2', 'J2', 'J1', 'J1', 'J2', 'J2', 'J1', 'J2', 'J2', 'J2', 'J2', 'J2', 'J1', 'J1', 'J1', 'J2', 'J1', 'J2', 'J2', 'J2', 'J2', 'J2', 'J1', 'J2', 'J2', 'J1', 'J2', 'J2', 'J2', 'J1', 'J1', 'J2', 'J2', 'J2', 'J2', 'J2', 'J1', 'J2', 'J2', 'J1', 'J2', 'J2', 'J2', 'J2', 'J2', 'J2', 'J2', 'J2', 'J2', 'J2', 'J2', 'J1', 'J1', 'J2', 'J2', 'J2', 'J2', 'J2', 'J2', 'J1', 'J2', 'J2', 'J2', 'J2', 'J2', 'J2', 'J1', 'J2', 'J2', 'J2', 'J2', 'J2', 'J2', 'J2', 'J2', 'J2', 'J1', 'J2', 'J2', 'J2', 'J2', 'J1', 'J2', 'J2', 'J1', 'J2', 'J1', 'J1', 'J2', 'J2', 'J1']",131
151,J2,25.24,26.84,25.36,25.64632118522656,1,"['J2', 'J2', 'J2', 'J1', 'J1', 'J2', 'J1', 'J2', 'J1', 'J2', 'J1', 'J2', 'J2', 'J1', 'J2', 'J2', 'J2', 'J1', 'J2', 'J2', 'J2', 'J2', 'J2', 'J2', 'J2', 'J2', 'J2', 'J2', 'J2', 'J2', 'J2', 'J1', 'J2', 'J2', 'J1', 'J1', 'J2', 'J1', 'J2', 'J2', 'J2', 'J2', 'J1', 'J1', 'J2', 'J2', 'J1', 'J2', 'J2', 'J2', 'J2', 'J2', 'J1', 'J1', 'J1', 'J2', 'J1', 'J2', 'J2', 'J2', 'J2', 'J2', 'J1', 'J2', 'J2', 'J1', 'J2', 'J2', 'J2', 'J1', 'J1', 'J2', 'J2', 'J2', 'J2', 'J2', 'J1', 'J2', 'J2', 'J1', 'J2', 'J2', 'J2', 'J2', 'J2', 'J2', 'J2', 'J2', 'J2', 'J2', 'J2', 'J1', 'J1', 'J2', 'J2', 'J2', 'J2', 'J2', 'J2', 'J1', 'J2', 'J2', 'J2', 'J2', 'J2', 'J2', 'J1', 'J2', 'J2', 'J2', 'J2', 'J2', 'J2', 'J2', 'J2', 'J2', 'J1', 'J2', 'J2', 'J2', 'J2', 'J1', 'J2', 'J2', 'J1', 'J2', 'J1', 'J1', 'J2', 'J2', 'J1', 'J2']",132
152,J2,25.36,26.84,25.509999999999998,25.64632118522656,1,"['J2', 'J2', 'J2', 'J1', 'J1', 'J2', 'J1', 'J2', 'J1', 'J2', 'J1', 'J2', 'J2', 'J1', 'J2', 'J2', 'J2', 'J1', 'J2', 'J2', 'J2', 'J2', 'J2', 'J2', 'J2', 'J2', 'J2', 'J2', 'J2', 'J2', 'J2', 'J1', 'J2', 'J2', 'J1', 'J1', 'J2', 'J1', 'J2', 'J2', 'J2', 'J2', 'J1', 'J1', 'J2', 'J2', 'J1', 'J2', 'J2', 'J2', 'J2', 'J2', 'J1', 'J1', 'J1', 'J2', 'J1', 'J2', 'J2', 'J2', 'J2', 'J2', 'J1', 'J2', 'J2', 'J1', 'J2', 'J2', 'J2', 'J1', 'J1', 'J2', 'J2', 'J2', 'J2', 'J2', 'J1', 'J2', 'J2', 'J1', 'J2', 'J2', 'J2', 'J2', 'J2', 'J2', 'J2', 'J2', 'J2', 'J2', 'J2', 'J1', 'J1', 'J2', 'J2', 'J2', 'J2', 'J2', 'J2', 'J1', 'J2', 'J2', 'J2', 'J2', 'J2', 'J2', 'J1', 'J2', 'J2', 'J2', 'J2', 'J2', 'J2', 'J2', 'J2', 'J2', 'J1', 'J2', 'J2', 'J2', 'J2', 'J1', 'J2', 'J2', 'J1', 'J2', 'J1', 'J1', 'J2', 'J2', 'J1', 'J2', 'J2']",133
153,J2,25.51,26.84,25.610000000000003,25.64632118522656,1,"['J2', 'J2', 'J2', 'J1', 'J1', 'J2', 'J1', 'J2', 'J1', 'J2', 'J1', 'J2', 'J2', 'J1', 'J2', 'J2', 'J2', 'J1', 'J2', 'J2', 'J2', 'J2', 'J2', 'J2', 'J2', 'J2', 'J2', 'J2', 'J2', 'J2', 'J2', 'J1', 'J2', 'J2', 'J1', 'J1', 'J2', 'J1', 'J2', 'J2', 'J2', 'J2', 'J1', 'J1', 'J2', 'J2', 'J1', 'J2', 'J2', 'J2', 'J2', 'J2', 'J1', 'J1', 'J1', 'J2', 'J1', 'J2', 'J2', 'J2', 'J2', 'J2', 'J1', 'J2', 'J2', 'J1', 'J2', 'J2', 'J2', 'J1', 'J1', 'J2', 'J2', 'J2', 'J2', 'J2', 'J1', 'J2', 'J2', 'J1', 'J2', 'J2', 'J2', 'J2', 'J2', 'J2', 'J2', 'J2', 'J2', 'J2', 'J2', 'J1', 'J1', 'J2', 'J2', 'J2', 'J2', 'J2', 'J2', 'J1', 'J2', 'J2', 'J2', 'J2', 'J2', 'J2', 'J1', 'J2', 'J2', 'J2', 'J2', 'J2', 'J2', 'J2', 'J2', 'J2', 'J1', 'J2', 'J2', 'J2', 'J2', 'J1', 'J2', 'J2', 'J1', 'J2', 'J1', 'J1', 'J2', 'J2', 'J1', 'J2', 'J2', 'J2']",134
154,J2,25.61,26.84,25.66,25.64632118522656,1,"['J2', 'J2', 'J2', 'J1', 'J1', 'J2', 'J1', 'J2', 'J1', 'J2', 'J1', 'J2', 'J2', 'J1', 'J2', 'J2', 'J2', 'J1', 'J2', 'J2', 'J2', 'J2', 'J2', 'J2', 'J2', 'J2', 'J2', 'J2', 'J2', 'J2', 'J2', 'J1', 'J2', 'J2', 'J1', 'J1', 'J2', 'J1', 'J2', 'J2', 'J2', 'J2', 'J1', 'J1', 'J2', 'J2', 'J1', 'J2', 'J2', 'J2', 'J2', 'J2', 'J1', 'J1', 'J1', 'J2', 'J1', 'J2', 'J2', 'J2', 'J2', 'J2', 'J1', 'J2', 'J2', 'J1', 'J2', 'J2', 'J2', 'J1', 'J1', 'J2', 'J2', 'J2', 'J2', 'J2', 'J1', 'J2', 'J2', 'J1', 'J2', 'J2', 'J2', 'J2', 'J2', 'J2', 'J2', 'J2', 'J2', 'J2', 'J2', 'J1', 'J1', 'J2', 'J2', 'J2', 'J2', 'J2', 'J2', 'J1', 'J2', 'J2', 'J2', 'J2', 'J2', 'J2', 'J1', 'J2', 'J2', 'J2', 'J2', 'J2', 'J2', 'J2', 'J2', 'J2', 'J1', 'J2', 'J2', 'J2', 'J2', 'J1', 'J2', 'J2', 'J1', 'J2', 'J1', 'J1', 'J2', 'J2', 'J1', 'J2', 'J2', 'J2', 'J2']",135
155,J2,25.65,26.84,25.66,28.064205708686792,1,"['J2', 'J2', 'J2', 'J1', 'J1', 'J2', 'J1', 'J2', 'J1', 'J2', 'J1', 'J2', 'J2', 'J1', 'J2', 'J2', 'J2', 'J1', 'J2', 'J2', 'J2', 'J2', 'J2', 'J2', 'J2', 'J2', 'J2', 'J2', 'J2', 'J2', 'J2', 'J1', 'J2', 'J2', 'J1', 'J1', 'J2', 'J1', 'J2', 'J2', 'J2', 'J2', 'J1', 'J1', 'J2', 'J2', 'J1', 'J2', 'J2', 'J2', 'J2', 'J2', 'J1', 'J1', 'J1', 'J2', 'J1', 'J2', 'J2', 'J2', 'J2', 'J2', 'J1', 'J2', 'J2', 'J1', 'J2', 'J2', 'J2', 'J1', 'J1', 'J2', 'J2', 'J2', 'J2', 'J2', 'J1', 'J2', 'J2', 'J1', 'J2', 'J2', 'J2', 'J2', 'J2', 'J2', 'J2', 'J2', 'J2', 'J2', 'J2', 'J1', 'J1', 'J2', 'J2', 'J2', 'J2', 'J2', 'J2', 'J1', 'J2', 'J2', 'J2', 'J2', 'J2', 'J2', 'J1', 'J2', 'J2', 'J2', 'J2', 'J2', 'J2', 'J2', 'J2', 'J2', 'J1', 'J2', 'J2', 'J2', 'J2', 'J1', 'J2', 'J2', 'J1', 'J2', 'J1', 'J1', 'J2', 'J2', 'J1', 'J2', 'J2', 'J2']",134
156,J2,25.66,26.84,25.7,28.064205708686792,1,"['J2', 'J2', 'J2', 'J1', 'J1', 'J2', 'J1', 'J2', 'J1', 'J2', 'J1', 'J2', 'J2', 'J1', 'J2', 'J2', 'J2', 'J1', 'J2', 'J2', 'J2', 'J2', 'J2', 'J2', 'J2', 'J2', 'J2', 'J2', 'J2', 'J2', 'J2', 'J1', 'J2', 'J2', 'J1', 'J1', 'J2', 'J1', 'J2', 'J2', 'J2', 'J2', 'J1', 'J1', 'J2', 'J2', 'J1', 'J2', 'J2', 'J2', 'J2', 'J2', 'J1', 'J1', 'J1', 'J2', 'J1', 'J2', 'J2', 'J2', 'J2', 'J2', 'J1', 'J2', 'J2', 'J1', 'J2', 'J2', 'J2', 'J1', 'J1', 'J2', 'J2', 'J2', 'J2', 'J2', 'J1', 'J2', 'J2', 'J1', 'J2', 'J2', 'J2', 'J2', 'J2', 'J2', 'J2', 'J2', 'J2', 'J2', 'J2', 'J1', 'J1', 'J2', 'J2', 'J2', 'J2', 'J2', 'J2', 'J1', 'J2', 'J2', 'J2', 'J2', 'J2', 'J2', 'J1', 'J2', 'J2', 'J2', 'J2', 'J2', 'J2', 'J2', 'J2', 'J2', 'J1', 'J2', 'J2', 'J2', 'J2', 'J1', 'J2', 'J2', 'J1', 'J2', 'J1', 'J1', 'J2', 'J2', 'J1', 'J2', 'J2', 'J2', 'J2']",135
157,J2,25.7,26.84,26.07,28.064205708686792,1,"['J2', 'J2', 'J2', 'J1', 'J1', 'J2', 'J1', 'J2', 'J1', 'J2', 'J1', 'J2', 'J2', 'J1', 'J2', 'J2', 'J2', 'J1', 'J2', 'J2', 'J2', 'J2', 'J2', 'J2', 'J2', 'J2', 'J2', 'J2', 'J2', 'J2', 'J2', 'J1', 'J2', 'J2', 'J1', 'J1', 'J2', 'J1', 'J2', 'J2', 'J2', 'J2', 'J1', 'J1', 'J2', 'J2', 'J1', 'J2', 'J2', 'J2', 'J2', 'J2', 'J1', 'J1', 'J1', 'J2', 'J1', 'J2', 'J2', 'J2', 'J2', 'J2', 'J1', 'J2', 'J2', 'J1', 'J2', 'J2', 'J2', 'J1', 'J1', 'J2', 'J2', 'J2', 'J2', 'J2', 'J1', 'J2', 'J2', 'J1', 'J2', 'J2', 'J2', 'J2', 'J2', 'J2', 'J2', 'J2', 'J2', 'J2', 'J2', 'J1', 'J1', 'J2', 'J2', 'J2', 'J2', 'J2', 'J2', 'J1', 'J2', 'J2', 'J2', 'J2', 'J2', 'J2', 'J1', 'J2', 'J2', 'J2', 'J2', 'J2', 'J2', 'J2', 'J2', 'J2', 'J1', 'J2', 'J2', 'J2', 'J2', 'J1', 'J2', 'J2', 'J1', 'J2', 'J1', 'J1', 'J2', 'J2', 'J1', 'J2', 'J2', 'J2', 'J2', 'J2']",136
158,J2,26.07,26.84,26.09,28.064205708686792,1,"['J2', 'J2', 'J2', 'J1', 'J1', 'J2', 'J1', 'J2', 'J1', 'J2', 'J1', 'J2', 'J2', 'J1', 'J2', 'J2', 'J2', 'J1', 'J2', 'J2', 'J2', 'J2', 'J2', 'J2', 'J2', 'J2', 'J2', 'J2', 'J2', 'J2', 'J2', 'J1', 'J2', 'J2', 'J1', 'J1', 'J2', 'J1', 'J2', 'J2', 'J2', 'J2', 'J1', 'J1', 'J2', 'J2', 'J1', 'J2', 'J2', 'J2', 'J2', 'J2', 'J1', 'J1', 'J1', 'J2', 'J1', 'J2', 'J2', 'J2', 'J2', 'J2', 'J1', 'J2', 'J2', 'J1', 'J2', 'J2', 'J2', 'J1', 'J1', 'J2', 'J2', 'J2', 'J2', 'J2', 'J1', 'J2', 'J2', 'J1', 'J2', 'J2', 'J2', 'J2', 'J2', 'J2', 'J2', 'J2', 'J2', 'J2', 'J2', 'J1', 'J1', 'J2', 'J2', 'J2', 'J2', 'J2', 'J2', 'J1', 'J2', 'J2', 'J2', 'J2', 'J2', 'J2', 'J1', 'J2', 'J2', 'J2', 'J2', 'J2', 'J2', 'J2', 'J2', 'J2', 'J1', 'J2', 'J2', 'J2', 'J2', 'J1', 'J2', 'J2', 'J1', 'J2', 'J1', 'J1', 'J2', 'J2', 'J1', 'J2', 'J2', 'J2', 'J2', 'J2', 'J2']",137
159,J2,26.09,26.84,26.29,28.064205708686792,1,"['J2', 'J2', 'J2', 'J1', 'J1', 'J2', 'J1', 'J2', 'J1', 'J2', 'J1', 'J2', 'J2', 'J1', 'J2', 'J2', 'J2', 'J1', 'J2', 'J2', 'J2', 'J2', 'J2', 'J2', 'J2', 'J2', 'J2', 'J2', 'J2', 'J2', 'J2', 'J1', 'J2', 'J2', 'J1', 'J1', 'J2', 'J1', 'J2', 'J2', 'J2', 'J2', 'J1', 'J1', 'J2', 'J2', 'J1', 'J2', 'J2', 'J2', 'J2', 'J2', 'J1', 'J1', 'J1', 'J2', 'J1', 'J2', 'J2', 'J2', 'J2', 'J2', 'J1', 'J2', 'J2', 'J1', 'J2', 'J2', 'J2', 'J1', 'J1', 'J2', 'J2', 'J2', 'J2', 'J2', 'J1', 'J2', 'J2', 'J1', 'J2', 'J2', 'J2', 'J2', 'J2', 'J2', 'J2', 'J2', 'J2', 'J2', 'J2', 'J1', 'J1', 'J2', 'J2', 'J2', 'J2', 'J2', 'J2', 'J1', 'J2', 'J2', 'J2', 'J2', 'J2', 'J2', 'J1', 'J2', 'J2', 'J2', 'J2', 'J2', 'J2', 'J2', 'J2', 'J2', 'J1', 'J2', 'J2', 'J2', 'J2', 'J1', 'J2', 'J2', 'J1', 'J2', 'J1', 'J1', 'J2', 'J2', 'J1', 'J2', 'J2', 'J2', 'J2', 'J2', 'J2', 'J2']",138
160,J2,26.29,26.84,26.419999999999998,28.064205708686792,1,"['J2', 'J2', 'J2', 'J1', 'J1', 'J2', 'J1', 'J2', 'J1', 'J2', 'J1', 'J2', 'J2', 'J1', 'J2', 'J2', 'J2', 'J1', 'J2', 'J2', 'J2', 'J2', 'J2', 'J2', 'J2', 'J2', 'J2', 'J2', 'J2', 'J2', 'J2', 'J1', 'J2', 'J2', 'J1', 'J1', 'J2', 'J1', 'J2', 'J2', 'J2', 'J2', 'J1', 'J1', 'J2', 'J2', 'J1', 'J2', 'J2', 'J2', 'J2', 'J2', 'J1', 'J1', 'J1', 'J2', 'J1', 'J2', 'J2', 'J2', 'J2', 'J2', 'J1', 'J2', 'J2', 'J1', 'J2', 'J2', 'J2', 'J1', 'J1', 'J2', 'J2', 'J2', 'J2', 'J2', 'J1', 'J2', 'J2', 'J1', 'J2', 'J2', 'J2', 'J2', 'J2', 'J2', 'J2', 'J2', 'J2', 'J2', 'J2', 'J1', 'J1', 'J2', 'J2', 'J2', 'J2', 'J2', 'J2', 'J1', 'J2', 'J2', 'J2', 'J2', 'J2', 'J2', 'J1', 'J2', 'J2', 'J2', 'J2', 'J2', 'J2', 'J2', 'J2', 'J2', 'J1', 'J2', 'J2', 'J2', 'J2', 'J1', 'J2', 'J2', 'J1', 'J2', 'J1', 'J1', 'J2', 'J2', 'J1', 'J2', 'J2', 'J2', 'J2', 'J2', 'J2', 'J2', 'J2']",139
161,J2,26.42,26.84,26.87,28.064205708686792,1,"['J2', 'J2', 'J2', 'J1', 'J1', 'J2', 'J1', 'J2', 'J1', 'J2', 'J1', 'J2', 'J2', 'J1', 'J2', 'J2', 'J2', 'J1', 'J2', 'J2', 'J2', 'J2', 'J2', 'J2', 'J2', 'J2', 'J2', 'J2', 'J2', 'J2', 'J2', 'J1', 'J2', 'J2', 'J1', 'J1', 'J2', 'J1', 'J2', 'J2', 'J2', 'J2', 'J1', 'J1', 'J2', 'J2', 'J1', 'J2', 'J2', 'J2', 'J2', 'J2', 'J1', 'J1', 'J1', 'J2', 'J1', 'J2', 'J2', 'J2', 'J2', 'J2', 'J1', 'J2', 'J2', 'J1', 'J2', 'J2', 'J2', 'J1', 'J1', 'J2', 'J2', 'J2', 'J2', 'J2', 'J1', 'J2', 'J2', 'J1', 'J2', 'J2', 'J2', 'J2', 'J2', 'J2', 'J2', 'J2', 'J2', 'J2', 'J2', 'J1', 'J1', 'J2', 'J2', 'J2', 'J2', 'J2', 'J2', 'J1', 'J2', 'J2', 'J2', 'J2', 'J2', 'J2', 'J1', 'J2', 'J2', 'J2', 'J2', 'J2', 'J2', 'J2', 'J2', 'J2', 'J1', 'J2', 'J2', 'J2', 'J2', 'J1', 'J2', 'J2', 'J1', 'J2', 'J1', 'J1', 'J2', 'J2', 'J1', 'J2', 'J2', 'J2', 'J2', 'J2', 'J2', 'J2', 'J2', 'J2']",140
162,J1,26.84,27.13,26.87,28.064205708686792,1,"['J2', 'J2', 'J2', 'J1', 'J1', 'J2', 'J1', 'J2', 'J1', 'J2', 'J1', 'J2', 'J2', 'J1', 'J2', 'J2', 'J2', 'J1', 'J2', 'J2', 'J2', 'J2', 'J2', 'J2', 'J2', 'J2', 'J2', 'J2', 'J2', 'J2', 'J2', 'J1', 'J2', 'J2', 'J1', 'J1', 'J2', 'J1', 'J2', 'J2', 'J2', 'J2', 'J1', 'J1', 'J2', 'J2', 'J1', 'J2', 'J2', 'J2', 'J2', 'J2', 'J1', 'J1', 'J1', 'J2', 'J1', 'J2', 'J2', 'J2', 'J2', 'J2', 'J1', 'J2', 'J2', 'J1', 'J2', 'J2', 'J2', 'J1', 'J1', 'J2', 'J2', 'J2', 'J2', 'J2', 'J1', 'J2', 'J2', 'J1', 'J2', 'J2', 'J2', 'J2', 'J2', 'J2', 'J2', 'J2', 'J2', 'J2', 'J2', 'J1', 'J1', 'J2', 'J2', 'J2', 'J2', 'J2', 'J2', 'J1', 'J2', 'J2', 'J2', 'J2', 'J2', 'J2', 'J1', 'J2', 'J2', 'J2', 'J2', 'J2', 'J2', 'J2', 'J2', 'J2', 'J1', 'J2', 'J2', 'J2', 'J2', 'J1', 'J2', 'J2', 'J1', 'J2', 'J1', 'J1', 'J2', 'J2', 'J1', 'J2', 'J2', 'J2', 'J2', 'J2', 'J2', 'J2', 'J2', 'J2', 'J1']",141
163,J2,26.87,27.13,26.880000000000003,28.064205708686792,1,"['J2', 'J2', 'J2', 'J1', 'J1', 'J2', 'J1', 'J2', 'J1', 'J2', 'J1', 'J2', 'J2', 'J1', 'J2', 'J2', 'J2', 'J1', 'J2', 'J2', 'J2', 'J2', 'J2', 'J2', 'J2', 'J2', 'J2', 'J2', 'J2', 'J2', 'J2', 'J1', 'J2', 'J2', 'J1', 'J1', 'J2', 'J1', 'J2', 'J2', 'J2', 'J2', 'J1', 'J1', 'J2', 'J2', 'J1', 'J2', 'J2', 'J2', 'J2', 'J2', 'J1', 'J1', 'J1', 'J2', 'J1', 'J2', 'J2', 'J2', 'J2', 'J2', 'J1', 'J2', 'J2', 'J1', 'J2', 'J2', 'J2', 'J1', 'J1', 'J2', 'J2', 'J2', 'J2', 'J2', 'J1', 'J2', 'J2', 'J1', 'J2', 'J2', 'J2', 'J2', 'J2', 'J2', 'J2', 'J2', 'J2', 'J2', 'J2', 'J1', 'J1', 'J2', 'J2', 'J2', 'J2', 'J2', 'J2', 'J1', 'J2', 'J2', 'J2', 'J2', 'J2', 'J2', 'J1', 'J2', 'J2', 'J2', 'J2', 'J2', 'J2', 'J2', 'J2', 'J2', 'J1', 'J2', 'J2', 'J2', 'J2', 'J1', 'J2', 'J2', 'J1', 'J2', 'J1', 'J1', 'J2', 'J2', 'J1', 'J2', 'J2', 'J2', 'J2', 'J2', 'J2', 'J2', 'J2', 'J2', 'J1', 'J2']",142
164,J2,26.88,27.13,27.779999999999998,28.064205708686792,1,"['J2', 'J2', 'J2', 'J1', 'J1', 'J2', 'J1', 'J2', 'J1', 'J2', 'J1', 'J2', 'J2', 'J1', 'J2', 'J2', 'J2', 'J1', 'J2', 'J2', 'J2', 'J2', 'J2', 'J2', 'J2', 'J2', 'J2', 'J2', 'J2', 'J2', 'J2', 'J1', 'J2', 'J2', 'J1', 'J1', 'J2', 'J1', 'J2', 'J2', 'J2', 'J2', 'J1', 'J1', 'J2', 'J2', 'J1', 'J2', 'J2', 'J2', 'J2', 'J2', 'J1', 'J1', 'J1', 'J2', 'J1', 'J2', 'J2', 'J2', 'J2', 'J2', 'J1', 'J2', 'J2', 'J1', 'J2', 'J2', 'J2', 'J1', 'J1', 'J2', 'J2', 'J2', 'J2', 'J2', 'J1', 'J2', 'J2', 'J1', 'J2', 'J2', 'J2', 'J2', 'J2', 'J2', 'J2', 'J2', 'J2', 'J2', 'J2', 'J1', 'J1', 'J2', 'J2', 'J2', 'J2', 'J2', 'J2', 'J1', 'J2', 'J2', 'J2', 'J2', 'J2', 'J2', 'J1', 'J2', 'J2', 'J2', 'J2', 'J2', 'J2', 'J2', 'J2', 'J2', 'J1', 'J2', 'J2', 'J2', 'J2', 'J1', 'J2', 'J2', 'J1', 'J2', 'J1', 'J1', 'J2', 'J2', 'J1', 'J2', 'J2', 'J2', 'J2', 'J2', 'J2', 'J2', 'J2', 'J2', 'J1', 'J2', 'J2']",143
165,J1,27.13,28.16,27.779999999999998,28.064205708686792,1,"['J2', 'J2', 'J2', 'J1', 'J1', 'J2', 'J1', 'J2', 'J1', 'J2', 'J1', 'J2', 'J2', 'J1', 'J2', 'J2', 'J2', 'J1', 'J2', 'J2', 'J2', 'J2', 'J2', 'J2', 'J2', 'J2', 'J2', 'J2', 'J2', 'J2', 'J2', 'J1', 'J2', 'J2', 'J1', 'J1', 'J2', 'J1', 'J2', 'J2', 'J2', 'J2', 'J1', 'J1', 'J2', 'J2', 'J1', 'J2', 'J2', 'J2', 'J2', 'J2', 'J1', 'J1', 'J1', 'J2', 'J1', 'J2', 'J2', 'J2', 'J2', 'J2', 'J1', 'J2', 'J2', 'J1', 'J2', 'J2', 'J2', 'J1', 'J1', 'J2', 'J2', 'J2', 'J2', 'J2', 'J1', 'J2', 'J2', 'J1', 'J2', 'J2', 'J2', 'J2', 'J2', 'J2', 'J2', 'J2', 'J2', 'J2', 'J2', 'J1', 'J1', 'J2', 'J2', 'J2', 'J2', 'J2', 'J2', 'J1', 'J2', 'J2', 'J2', 'J2', 'J2', 'J2', 'J1', 'J2', 'J2', 'J2', 'J2', 'J2', 'J2', 'J2', 'J2', 'J2', 'J1', 'J2', 'J2', 'J2', 'J2', 'J1', 'J2', 'J2', 'J1', 'J2', 'J1', 'J1', 'J2', 'J2', 'J1', 'J2', 'J2', 'J2', 'J2', 'J2', 'J2', 'J2', 'J2', 'J2', 'J1', 'J2', 'J2', 'J1']",144
166,J2,27.78,28.16,27.8,28.064205708686792,1,"['J2', 'J2', 'J2', 'J1', 'J1', 'J2', 'J1', 'J2', 'J1', 'J2', 'J1', 'J2', 'J2', 'J1', 'J2', 'J2', 'J2', 'J1', 'J2', 'J2', 'J2', 'J2', 'J2', 'J2', 'J2', 'J2', 'J2', 'J2', 'J2', 'J2', 'J2', 'J1', 'J2', 'J2', 'J1', 'J1', 'J2', 'J1', 'J2', 'J2', 'J2', 'J2', 'J1', 'J1', 'J2', 'J2', 'J1', 'J2', 'J2', 'J2', 'J2', 'J2', 'J1', 'J1', 'J1', 'J2', 'J1', 'J2', 'J2', 'J2', 'J2', 'J2', 'J1', 'J2', 'J2', 'J1', 'J2', 'J2', 'J2', 'J1', 'J1', 'J2', 'J2', 'J2', 'J2', 'J2', 'J1', 'J2', 'J2', 'J1', 'J2', 'J2', 'J2', 'J2', 'J2', 'J2', 'J2', 'J2', 'J2', 'J2', 'J2', 'J1', 'J1', 'J2', 'J2', 'J2', 'J2', 'J2', 'J2', 'J1', 'J2', 'J2', 'J2', 'J2', 'J2', 'J2', 'J1', 'J2', 'J2', 'J2', 'J2', 'J2', 'J2', 'J2', 'J2', 'J2', 'J1', 'J2', 'J2', 'J2', 'J2', 'J1', 'J2', 'J2', 'J1', 'J2', 'J1', 'J1', 'J2', 'J2', 'J1', 'J2', 'J2', 'J2', 'J2', 'J2', 'J2', 'J2', 'J2', 'J2', 'J1', 'J2', 'J2', 'J1', 'J2']",145
167,J2,27.8,28.16,27.88,28.064205708686792,1,"['J2', 'J2', 'J2', 'J1', 'J1', 'J2', 'J1', 'J2', 'J1', 'J2', 'J1', 'J2', 'J2', 'J1', 'J2', 'J2', 'J2', 'J1', 'J2', 'J2', 'J2', 'J2', 'J2', 'J2', 'J2', 'J2', 'J2', 'J2', 'J2', 'J2', 'J2', 'J1', 'J2', 'J2', 'J1', 'J1', 'J2', 'J1', 'J2', 'J2', 'J2', 'J2', 'J1', 'J1', 'J2', 'J2', 'J1', 'J2', 'J2', 'J2', 'J2', 'J2', 'J1', 'J1', 'J1', 'J2', 'J1', 'J2', 'J2', 'J2', 'J2', 'J2', 'J1', 'J2', 'J2', 'J1', 'J2', 'J2', 'J2', 'J1', 'J1', 'J2', 'J2', 'J2', 'J2', 'J2', 'J1', 'J2', 'J2', 'J1', 'J2', 'J2', 'J2', 'J2', 'J2', 'J2', 'J2', 'J2', 'J2', 'J2', 'J2', 'J1', 'J1', 'J2', 'J2', 'J2', 'J2', 'J2', 'J2', 'J1', 'J2', 'J2', 'J2', 'J2', 'J2', 'J2', 'J1', 'J2', 'J2', 'J2', 'J2', 'J2', 'J2', 'J2', 'J2', 'J2', 'J1', 'J2', 'J2', 'J2', 'J2', 'J1', 'J2', 'J2', 'J1', 'J2', 'J1', 'J1', 'J2', 'J2', 'J1', 'J2', 'J2', 'J2', 'J2', 'J2', 'J2', 'J2', 'J2', 'J2', 'J1', 'J2', 'J2', 'J1', 'J2', 'J2']",146
168,J2,27.88,28.16,28.029999999999998,28.064205708686792,1,"['J2', 'J2', 'J2', 'J1', 'J1', 'J2', 'J1', 'J2', 'J1', 'J2', 'J1', 'J2', 'J2', 'J1', 'J2', 'J2', 'J2', 'J1', 'J2', 'J2', 'J2', 'J2', 'J2', 'J2', 'J2', 'J2', 'J2', 'J2', 'J2', 'J2', 'J2', 'J1', 'J2', 'J2', 'J1', 'J1', 'J2', 'J1', 'J2', 'J2', 'J2', 'J2', 'J1', 'J1', 'J2', 'J2', 'J1', 'J2', 'J2', 'J2', 'J2', 'J2', 'J1', 'J1', 'J1', 'J2', 'J1', 'J2', 'J2', 'J2', 'J2', 'J2', 'J1', 'J2', 'J2', 'J1', 'J2', 'J2', 'J2', 'J1', 'J1', 'J2', 'J2', 'J2', 'J2', 'J2', 'J1', 'J2', 'J2', 'J1', 'J2', 'J2', 'J2', 'J2', 'J2', 'J2', 'J2', 'J2', 'J2', 'J2', 'J2', 'J1', 'J1', 'J2', 'J2', 'J2', 'J2', 'J2', 'J2', 'J1', 'J2', 'J2', 'J2', 'J2', 'J2', 'J2', 'J1', 'J2', 'J2', 'J2', 'J2', 'J2', 'J2', 'J2', 'J2', 'J2', 'J1', 'J2', 'J2', 'J2', 'J2', 'J1', 'J2', 'J2', 'J1', 'J2', 'J1', 'J1', 'J2', 'J2', 'J1', 'J2', 'J2', 'J2', 'J2', 'J2', 'J2', 'J2', 'J2', 'J2', 'J1', 'J2', 'J2', 'J1', 'J2', 'J2', 'J2']",147
169,J2,28.03,28.16,28.07,28.064205708686792,1,"['J2', 'J2', 'J2', 'J1', 'J1', 'J2', 'J1', 'J2', 'J1', 'J2', 'J1', 'J2', 'J2', 'J1', 'J2', 'J2', 'J2', 'J1', 'J2', 'J2', 'J2', 'J2', 'J2', 'J2', 'J2', 'J2', 'J2', 'J2', 'J2', 'J2', 'J2', 'J1', 'J2', 'J2', 'J1', 'J1', 'J2', 'J1', 'J2', 'J2', 'J2', 'J2', 'J1', 'J1', 'J2', 'J2', 'J1', 'J2', 'J2', 'J2', 'J2', 'J2', 'J1', 'J1', 'J1', 'J2', 'J1', 'J2', 'J2', 'J2', 'J2', 'J2', 'J1', 'J2', 'J2', 'J1', 'J2', 'J2', 'J2', 'J1', 'J1', 'J2', 'J2', 'J2', 'J2', 'J2', 'J1', 'J2', 'J2', 'J1', 'J2', 'J2', 'J2', 'J2', 'J2', 'J2', 'J2', 'J2', 'J2', 'J2', 'J2', 'J1', 'J1', 'J2', 'J2', 'J2', 'J2', 'J2', 'J2', 'J1', 'J2', 'J2', 'J2', 'J2', 'J2', 'J2', 'J1', 'J2', 'J2', 'J2', 'J2', 'J2', 'J2', 'J2', 'J2', 'J2', 'J1', 'J2', 'J2', 'J2', 'J2', 'J1', 'J2', 'J2', 'J1', 'J2', 'J1', 'J1', 'J2', 'J2', 'J1', 'J2', 'J2', 'J2', 'J2', 'J2', 'J2', 'J2', 'J2', 'J2', 'J1', 'J2', 'J2', 'J1', 'J2', 'J2', 'J2', 'J2']",148
170,J2,28.06,28.16,28.07,29.782775885335152,1,"['J2', 'J2', 'J2', 'J1', 'J1', 'J2', 'J1', 'J2', 'J1', 'J2', 'J1', 'J2', 'J2', 'J1', 'J2', 'J2', 'J2', 'J1', 'J2', 'J2', 'J2', 'J2', 'J2', 'J2', 'J2', 'J2', 'J2', 'J2', 'J2', 'J2', 'J2', 'J1', 'J2', 'J2', 'J1', 'J1', 'J2', 'J1', 'J2', 'J2', 'J2', 'J2', 'J1', 'J1', 'J2', 'J2', 'J1', 'J2', 'J2', 'J2', 'J2', 'J2', 'J1', 'J1', 'J1', 'J2', 'J1', 'J2', 'J2', 'J2', 'J2', 'J2', 'J1', 'J2', 'J2', 'J1', 'J2', 'J2', 'J2', 'J1', 'J1', 'J2', 'J2', 'J2', 'J2', 'J2', 'J1', 'J2', 'J2', 'J1', 'J2', 'J2', 'J2', 'J2', 'J2', 'J2', 'J2', 'J2', 'J2', 'J2', 'J2', 'J1', 'J1', 'J2', 'J2', 'J2', 'J2', 'J2', 'J2', 'J1', 'J2', 'J2', 'J2', 'J2', 'J2', 'J2', 'J1', 'J2', 'J2', 'J2', 'J2', 'J2', 'J2', 'J2', 'J2', 'J2', 'J1', 'J2', 'J2', 'J2', 'J2', 'J1', 'J2', 'J2', 'J1', 'J2', 'J1', 'J1', 'J2', 'J2', 'J1', 'J2', 'J2', 'J2', 'J2', 'J2', 'J2', 'J2', 'J2', 'J2', 'J1', 'J2', 'J2', 'J1', 'J2', 'J2', 'J2']",147
171,J2,28.07,28.16,28.71,29.782775885335152,1,"['J2', 'J2', 'J2', 'J1', 'J1', 'J2', 'J1', 'J2', 'J1', 'J2', 'J1', 'J2', 'J2', 'J1', 'J2', 'J2', 'J2', 'J1', 'J2', 'J2', 'J2', 'J2', 'J2', 'J2', 'J2', 'J2', 'J2', 'J2', 'J2', 'J2', 'J2', 'J1', 'J2', 'J2', 'J1', 'J1', 'J2', 'J1', 'J2', 'J2', 'J2', 'J2', 'J1', 'J1', 'J2', 'J2', 'J1', 'J2', 'J2', 'J2', 'J2', 'J2', 'J1', 'J1', 'J1', 'J2', 'J1', 'J2', 'J2', 'J2', 'J2', 'J2', 'J1', 'J2', 'J2', 'J1', 'J2', 'J2', 'J2', 'J1', 'J1', 'J2', 'J2', 'J2', 'J2', 'J2', 'J1', 'J2', 'J2', 'J1', 'J2', 'J2', 'J2', 'J2', 'J2', 'J2', 'J2', 'J2', 'J2', 'J2', 'J2', 'J1', 'J1', 'J2', 'J2', 'J2', 'J2', 'J2', 'J2', 'J1', 'J2', 'J2', 'J2', 'J2', 'J2', 'J2', 'J1', 'J2', 'J2', 'J2', 'J2', 'J2', 'J2', 'J2', 'J2', 'J2', 'J1', 'J2', 'J2', 'J2', 'J2', 'J1', 'J2', 'J2', 'J1', 'J2', 'J1', 'J1', 'J2', 'J2', 'J1', 'J2', 'J2', 'J2', 'J2', 'J2', 'J2', 'J2', 'J2', 'J2', 'J1', 'J2', 'J2', 'J1', 'J2', 'J2', 'J2', 'J2']",148
172,J1,28.16,29.03,28.71,29.782775885335152,1,"['J2', 'J2', 'J2', 'J1', 'J1', 'J2', 'J1', 'J2', 'J1', 'J2', 'J1', 'J2', 'J2', 'J1', 'J2', 'J2', 'J2', 'J1', 'J2', 'J2', 'J2', 'J2', 'J2', 'J2', 'J2', 'J2', 'J2', 'J2', 'J2', 'J2', 'J2', 'J1', 'J2', 'J2', 'J1', 'J1', 'J2', 'J1', 'J2', 'J2', 'J2', 'J2', 'J1', 'J1', 'J2', 'J2', 'J1', 'J2', 'J2', 'J2', 'J2', 'J2', 'J1', 'J1', 'J1', 'J2', 'J1', 'J2', 'J2', 'J2', 'J2', 'J2', 'J1', 'J2', 'J2', 'J1', 'J2', 'J2', 'J2', 'J1', 'J1', 'J2', 'J2', 'J2', 'J2', 'J2', 'J1', 'J2', 'J2', 'J1', 'J2', 'J2', 'J2', 'J2', 'J2', 'J2', 'J2', 'J2', 'J2', 'J2', 'J2', 'J1', 'J1', 'J2', 'J2', 'J2', 'J2', 'J2', 'J2', 'J1', 'J2', 'J2', 'J2', 'J2', 'J2', 'J2', 'J1', 'J2', 'J2', 'J2', 'J2', 'J2', 'J2', 'J2', 'J2', 'J2', 'J1', 'J2', 'J2', 'J2', 'J2', 'J1', 'J2', 'J2', 'J1', 'J2', 'J1', 'J1', 'J2', 'J2', 'J1', 'J2', 'J2', 'J2', 'J2', 'J2', 'J2', 'J2', 'J2', 'J2', 'J1', 'J2', 'J2', 'J1', 'J2', 'J2', 'J2', 'J2', 'J1']",149
173,J2,28.71,29.03,28.82,29.782775885335152,1,"['J2', 'J2', 'J2', 'J1', 'J1', 'J2', 'J1', 'J2', 'J1', 'J2', 'J1', 'J2', 'J2', 'J1', 'J2', 'J2', 'J2', 'J1', 'J2', 'J2', 'J2', 'J2', 'J2', 'J2', 'J2', 'J2', 'J2', 'J2', 'J2', 'J2', 'J2', 'J1', 'J2', 'J2', 'J1', 'J1', 'J2', 'J1', 'J2', 'J2', 'J2', 'J2', 'J1', 'J1', 'J2', 'J2', 'J1', 'J2', 'J2', 'J2', 'J2', 'J2', 'J1', 'J1', 'J1', 'J2', 'J1', 'J2', 'J2', 'J2', 'J2', 'J2', 'J1', 'J2', 'J2', 'J1', 'J2', 'J2', 'J2', 'J1', 'J1', 'J2', 'J2', 'J2', 'J2', 'J2', 'J1', 'J2', 'J2', 'J1', 'J2', 'J2', 'J2', 'J2', 'J2', 'J2', 'J2', 'J2', 'J2', 'J2', 'J2', 'J1', 'J1', 'J2', 'J2', 'J2', 'J2', 'J2', 'J2', 'J1', 'J2', 'J2', 'J2', 'J2', 'J2', 'J2', 'J1', 'J2', 'J2', 'J2', 'J2', 'J2', 'J2', 'J2', 'J2', 'J2', 'J1', 'J2', 'J2', 'J2', 'J2', 'J1', 'J2', 'J2', 'J1', 'J2', 'J1', 'J1', 'J2', 'J2', 'J1', 'J2', 'J2', 'J2', 'J2', 'J2', 'J2', 'J2', 'J2', 'J2', 'J1', 'J2', 'J2', 'J1', 'J2', 'J2', 'J2', 'J2', 'J1', 'J2']",150
174,J2,28.82,29.03,29.12,29.782775885335152,1,"['J2', 'J2', 'J2', 'J1', 'J1', 'J2', 'J1', 'J2', 'J1', 'J2', 'J1', 'J2', 'J2', 'J1', 'J2', 'J2', 'J2', 'J1', 'J2', 'J2', 'J2', 'J2', 'J2', 'J2', 'J2', 'J2', 'J2', 'J2', 'J2', 'J2', 'J2', 'J1', 'J2', 'J2', 'J1', 'J1', 'J2', 'J1', 'J2', 'J2', 'J2', 'J2', 'J1', 'J1', 'J2', 'J2', 'J1', 'J2', 'J2', 'J2', 'J2', 'J2', 'J1', 'J1', 'J1', 'J2', 'J1', 'J2', 'J2', 'J2', 'J2', 'J2', 'J1', 'J2', 'J2', 'J1', 'J2', 'J2', 'J2', 'J1', 'J1', 'J2', 'J2', 'J2', 'J2', 'J2', 'J1', 'J2', 'J2', 'J1', 'J2', 'J2', 'J2', 'J2', 'J2', 'J2', 'J2', 'J2', 'J2', 'J2', 'J2', 'J1', 'J1', 'J2', 'J2', 'J2', 'J2', 'J2', 'J2', 'J1', 'J2', 'J2', 'J2', 'J2', 'J2', 'J2', 'J1', 'J2', 'J2', 'J2', 'J2', 'J2', 'J2', 'J2', 'J2', 'J2', 'J1', 'J2', 'J2', 'J2', 'J2', 'J1', 'J2', 'J2', 'J1', 'J2', 'J1', 'J1', 'J2', 'J2', 'J1', 'J2', 'J2', 'J2', 'J2', 'J2', 'J2', 'J2', 'J2', 'J2', 'J1', 'J2', 'J2', 'J1', 'J2', 'J2', 'J2', 'J2', 'J1', 'J2', 'J2']",151
175,J1,29.03,29.68,29.12,29.782775885335152,1,"['J2', 'J2', 'J2', 'J1', 'J1', 'J2', 'J1', 'J2', 'J1', 'J2', 'J1', 'J2', 'J2', 'J1', 'J2', 'J2', 'J2', 'J1', 'J2', 'J2', 'J2', 'J2', 'J2', 'J2', 'J2', 'J2', 'J2', 'J2', 'J2', 'J2', 'J2', 'J1', 'J2', 'J2', 'J1', 'J1', 'J2', 'J1', 'J2', 'J2', 'J2', 'J2', 'J1', 'J1', 'J2', 'J2', 'J1', 'J2', 'J2', 'J2', 'J2', 'J2', 'J1', 'J1', 'J1', 'J2', 'J1', 'J2', 'J2', 'J2', 'J2', 'J2', 'J1', 'J2', 'J2', 'J1', 'J2', 'J2', 'J2', 'J1', 'J1', 'J2', 'J2', 'J2', 'J2', 'J2', 'J1', 'J2', 'J2', 'J1', 'J2', 'J2', 'J2', 'J2', 'J2', 'J2', 'J2', 'J2', 'J2', 'J2', 'J2', 'J1', 'J1', 'J2', 'J2', 'J2', 'J2', 'J2', 'J2', 'J1', 'J2', 'J2', 'J2', 'J2', 'J2', 'J2', 'J1', 'J2', 'J2', 'J2', 'J2', 'J2', 'J2', 'J2', 'J2', 'J2', 'J1', 'J2', 'J2', 'J2', 'J2', 'J1', 'J2', 'J2', 'J1', 'J2', 'J1', 'J1', 'J2', 'J2', 'J1', 'J2', 'J2', 'J2', 'J2', 'J2', 'J2', 'J2', 'J2', 'J2', 'J1', 'J2', 'J2', 'J1', 'J2', 'J2', 'J2', 'J2', 'J1', 'J2', 'J2', 'J1']",152
176,J2,29.12,29.68,29.650000000000002,29.782775885335152,1,"['J2', 'J2', 'J2', 'J1', 'J1', 'J2', 'J1', 'J2', 'J1', 'J2', 'J1', 'J2', 'J2', 'J1', 'J2', 'J2', 'J2', 'J1', 'J2', 'J2', 'J2', 'J2', 'J2', 'J2', 'J2', 'J2', 'J2', 'J2', 'J2', 'J2', 'J2', 'J1', 'J2', 'J2', 'J1', 'J1', 'J2', 'J1', 'J2', 'J2', 'J2', 'J2', 'J1', 'J1', 'J2', 'J2', 'J1', 'J2', 'J2', 'J2', 'J2', 'J2', 'J1', 'J1', 'J1', 'J2', 'J1', 'J2', 'J2', 'J2', 'J2', 'J2', 'J1', 'J2', 'J2', 'J1', 'J2', 'J2', 'J2', 'J1', 'J1', 'J2', 'J2', 'J2', 'J2', 'J2', 'J1', 'J2', 'J2', 'J1', 'J2', 'J2', 'J2', 'J2', 'J2', 'J2', 'J2', 'J2', 'J2', 'J2', 'J2', 'J1', 'J1', 'J2', 'J2', 'J2', 'J2', 'J2', 'J2', 'J1', 'J2', 'J2', 'J2', 'J2', 'J2', 'J2', 'J1', 'J2', 'J2', 'J2', 'J2', 'J2', 'J2', 'J2', 'J2', 'J2', 'J1', 'J2', 'J2', 'J2', 'J2', 'J1', 'J2', 'J2', 'J1', 'J2', 'J1', 'J1', 'J2', 'J2', 'J1', 'J2', 'J2', 'J2', 'J2', 'J2', 'J2', 'J2', 'J2', 'J2', 'J1', 'J2', 'J2', 'J1', 'J2', 'J2', 'J2', 'J2', 'J1', 'J2', 'J2', 'J1', 'J2']",153
177,J2,29.65,29.68,29.729999999999997,29.782775885335152,1,"['J2', 'J2', 'J2', 'J1', 'J1', 'J2', 'J1', 'J2', 'J1', 'J2', 'J1', 'J2', 'J2', 'J1', 'J2', 'J2', 'J2', 'J1', 'J2', 'J2', 'J2', 'J2', 'J2', 'J2', 'J2', 'J2', 'J2', 'J2', 'J2', 'J2', 'J2', 'J1', 'J2', 'J2', 'J1', 'J1', 'J2', 'J1', 'J2', 'J2', 'J2', 'J2', 'J1', 'J1', 'J2', 'J2', 'J1', 'J2', 'J2', 'J2', 'J2', 'J2', 'J1', 'J1', 'J1', 'J2', 'J1', 'J2', 'J2', 'J2', 'J2', 'J2', 'J1', 'J2', 'J2', 'J1', 'J2', 'J2', 'J2', 'J1', 'J1', 'J2', 'J2', 'J2', 'J2', 'J2', 'J1', 'J2', 'J2', 'J1', 'J2', 'J2', 'J2', 'J2', 'J2', 'J2', 'J2', 'J2', 'J2', 'J2', 'J2', 'J1', 'J1', 'J2', 'J2', 'J2', 'J2', 'J2', 'J2', 'J1', 'J2', 'J2', 'J2', 'J2', 'J2', 'J2', 'J1', 'J2', 'J2', 'J2', 'J2', 'J2', 'J2', 'J2', 'J2', 'J2', 'J1', 'J2', 'J2', 'J2', 'J2', 'J1', 'J2', 'J2', 'J1', 'J2', 'J1', 'J1', 'J2', 'J2', 'J1', 'J2', 'J2', 'J2', 'J2', 'J2', 'J2', 'J2', 'J2', 'J2', 'J1', 'J2', 'J2', 'J1', 'J2', 'J2', 'J2', 'J2', 'J1', 'J2', 'J2', 'J1', 'J2', 'J2']",154
178,J1,29.68,30.08,29.729999999999997,29.782775885335152,1,"['J2', 'J2', 'J2', 'J1', 'J1', 'J2', 'J1', 'J2', 'J1', 'J2', 'J1', 'J2', 'J2', 'J1', 'J2', 'J2', 'J2', 'J1', 'J2', 'J2', 'J2', 'J2', 'J2', 'J2', 'J2', 'J2', 'J2', 'J2', 'J2', 'J2', 'J2', 'J1', 'J2', 'J2', 'J1', 'J1', 'J2', 'J1', 'J2', 'J2', 'J2', 'J2', 'J1', 'J1', 'J2', 'J2', 'J1', 'J2', 'J2', 'J2', 'J2', 'J2', 'J1', 'J1', 'J1', 'J2', 'J1', 'J2', 'J2', 'J2', 'J2', 'J2', 'J1', 'J2', 'J2', 'J1', 'J2', 'J2', 'J2', 'J1', 'J1', 'J2', 'J2', 'J2', 'J2', 'J2', 'J1', 'J2', 'J2', 'J1', 'J2', 'J2', 'J2', 'J2', 'J2', 'J2', 'J2', 'J2', 'J2', 'J2', 'J2', 'J1', 'J1', 'J2', 'J2', 'J2', 'J2', 'J2', 'J2', 'J1', 'J2', 'J2', 'J2', 'J2', 'J2', 'J2', 'J1', 'J2', 'J2', 'J2', 'J2', 'J2', 'J2', 'J2', 'J2', 'J2', 'J1', 'J2', 'J2', 'J2', 'J2', 'J1', 'J2', 'J2', 'J1', 'J2', 'J1', 'J1', 'J2', 'J2', 'J1', 'J2', 'J2', 'J2', 'J2', 'J2', 'J2', 'J2', 'J2', 'J2', 'J1', 'J2', 'J2', 'J1', 'J2', 'J2', 'J2', 'J2', 'J1', 'J2', 'J2', 'J1', 'J2', 'J2', 'J1']",155
179,J2,29.73,30.08,29.740000000000002,29.782775885335152,1,"['J2', 'J2', 'J2', 'J1', 'J1', 'J2', 'J1', 'J2', 'J1', 'J2', 'J1', 'J2', 'J2', 'J1', 'J2', 'J2', 'J2', 'J1', 'J2', 'J2', 'J2', 'J2', 'J2', 'J2', 'J2', 'J2', 'J2', 'J2', 'J2', 'J2', 'J2', 'J1', 'J2', 'J2', 'J1', 'J1', 'J2', 'J1', 'J2', 'J2', 'J2', 'J2', 'J1', 'J1', 'J2', 'J2', 'J1', 'J2', 'J2', 'J2', 'J2', 'J2', 'J1', 'J1', 'J1', 'J2', 'J1', 'J2', 'J2', 'J2', 'J2', 'J2', 'J1', 'J2', 'J2', 'J1', 'J2', 'J2', 'J2', 'J1', 'J1', 'J2', 'J2', 'J2', 'J2', 'J2', 'J1', 'J2', 'J2', 'J1', 'J2', 'J2', 'J2', 'J2', 'J2', 'J2', 'J2', 'J2', 'J2', 'J2', 'J2', 'J1', 'J1', 'J2', 'J2', 'J2', 'J2', 'J2', 'J2', 'J1', 'J2', 'J2', 'J2', 'J2', 'J2', 'J2', 'J1', 'J2', 'J2', 'J2', 'J2', 'J2', 'J2', 'J2', 'J2', 'J2', 'J1', 'J2', 'J2', 'J2', 'J2', 'J1', 'J2', 'J2', 'J1', 'J2', 'J1', 'J1', 'J2', 'J2', 'J1', 'J2', 'J2', 'J2', 'J2', 'J2', 'J2', 'J2', 'J2', 'J2', 'J1', 'J2', 'J2', 'J1', 'J2', 'J2', 'J2', 'J2', 'J1', 'J2', 'J2', 'J1', 'J2', 'J2', 'J1', 'J2']",156
180,J2,29.74,30.08,29.979999999999997,29.782775885335152,1,"['J2', 'J2', 'J2', 'J1', 'J1', 'J2', 'J1', 'J2', 'J1', 'J2', 'J1', 'J2', 'J2', 'J1', 'J2', 'J2', 'J2', 'J1', 'J2', 'J2', 'J2', 'J2', 'J2', 'J2', 'J2', 'J2', 'J2', 'J2', 'J2', 'J2', 'J2', 'J1', 'J2', 'J2', 'J1', 'J1', 'J2', 'J1', 'J2', 'J2', 'J2', 'J2', 'J1', 'J1', 'J2', 'J2', 'J1', 'J2', 'J2', 'J2', 'J2', 'J2', 'J1', 'J1', 'J1', 'J2', 'J1', 'J2', 'J2', 'J2', 'J2', 'J2', 'J1', 'J2', 'J2', 'J1', 'J2', 'J2', 'J2', 'J1', 'J1', 'J2', 'J2', 'J2', 'J2', 'J2', 'J1', 'J2', 'J2', 'J1', 'J2', 'J2', 'J2', 'J2', 'J2', 'J2', 'J2', 'J2', 'J2', 'J2', 'J2', 'J1', 'J1', 'J2', 'J2', 'J2', 'J2', 'J2', 'J2', 'J1', 'J2', 'J2', 'J2', 'J2', 'J2', 'J2', 'J1', 'J2', 'J2', 'J2', 'J2', 'J2', 'J2', 'J2', 'J2', 'J2', 'J1', 'J2', 'J2', 'J2', 'J2', 'J1', 'J2', 'J2', 'J1', 'J2', 'J1', 'J1', 'J2', 'J2', 'J1', 'J2', 'J2', 'J2', 'J2', 'J2', 'J2', 'J2', 'J2', 'J2', 'J1', 'J2', 'J2', 'J1', 'J2', 'J2', 'J2', 'J2', 'J1', 'J2', 'J2', 'J1', 'J2', 'J2', 'J1', 'J2', 'J2']",157
181,J2,29.78,30.08,29.979999999999997,32.23266061454169,1,"['J2', 'J2', 'J2', 'J1', 'J1', 'J2', 'J1', 'J2', 'J1', 'J2', 'J1', 'J2', 'J2', 'J1', 'J2', 'J2', 'J2', 'J1', 'J2', 'J2', 'J2', 'J2', 'J2', 'J2', 'J2', 'J2', 'J2', 'J2', 'J2', 'J2', 'J2', 'J1', 'J2', 'J2', 'J1', 'J1', 'J2', 'J1', 'J2', 'J2', 'J2', 'J2', 'J1', 'J1', 'J2', 'J2', 'J1', 'J2', 'J2', 'J2', 'J2', 'J2', 'J1', 'J1', 'J1', 'J2', 'J1', 'J2', 'J2', 'J2', 'J2', 'J2', 'J1', 'J2', 'J2', 'J1', 'J2', 'J2', 'J2', 'J1', 'J1', 'J2', 'J2', 'J2', 'J2', 'J2', 'J1', 'J2', 'J2', 'J1', 'J2', 'J2', 'J2', 'J2', 'J2', 'J2', 'J2', 'J2', 'J2', 'J2', 'J2', 'J1', 'J1', 'J2', 'J2', 'J2', 'J2', 'J2', 'J2', 'J1', 'J2', 'J2', 'J2', 'J2', 'J2', 'J2', 'J1', 'J2', 'J2', 'J2', 'J2', 'J2', 'J2', 'J2', 'J2', 'J2', 'J1', 'J2', 'J2', 'J2', 'J2', 'J1', 'J2', 'J2', 'J1', 'J2', 'J1', 'J1', 'J2', 'J2', 'J1', 'J2', 'J2', 'J2', 'J2', 'J2', 'J2', 'J2', 'J2', 'J2', 'J1', 'J2', 'J2', 'J1', 'J2', 'J2', 'J2', 'J2', 'J1', 'J2', 'J2', 'J1', 'J2', 'J2', 'J1', 'J2']",156
182,J2,29.98,30.08,30.76,32.23266061454169,1,"['J2', 'J2', 'J2', 'J1', 'J1', 'J2', 'J1', 'J2', 'J1', 'J2', 'J1', 'J2', 'J2', 'J1', 'J2', 'J2', 'J2', 'J1', 'J2', 'J2', 'J2', 'J2', 'J2', 'J2', 'J2', 'J2', 'J2', 'J2', 'J2', 'J2', 'J2', 'J1', 'J2', 'J2', 'J1', 'J1', 'J2', 'J1', 'J2', 'J2', 'J2', 'J2', 'J1', 'J1', 'J2', 'J2', 'J1', 'J2', 'J2', 'J2', 'J2', 'J2', 'J1', 'J1', 'J1', 'J2', 'J1', 'J2', 'J2', 'J2', 'J2', 'J2', 'J1', 'J2', 'J2', 'J1', 'J2', 'J2', 'J2', 'J1', 'J1', 'J2', 'J2', 'J2', 'J2', 'J2', 'J1', 'J2', 'J2', 'J1', 'J2', 'J2', 'J2', 'J2', 'J2', 'J2', 'J2', 'J2', 'J2', 'J2', 'J2', 'J1', 'J1', 'J2', 'J2', 'J2', 'J2', 'J2', 'J2', 'J1', 'J2', 'J2', 'J2', 'J2', 'J2', 'J2', 'J1', 'J2', 'J2', 'J2', 'J2', 'J2', 'J2', 'J2', 'J2', 'J2', 'J1', 'J2', 'J2', 'J2', 'J2', 'J1', 'J2', 'J2', 'J1', 'J2', 'J1', 'J1', 'J2', 'J2', 'J1', 'J2', 'J2', 'J2', 'J2', 'J2', 'J2', 'J2', 'J2', 'J2', 'J1', 'J2', 'J2', 'J1', 'J2', 'J2', 'J2', 'J2', 'J1', 'J2', 'J2', 'J1', 'J2', 'J2', 'J1', 'J2', 'J2']",157
183,J1,30.08,30.25,30.76,32.23266061454169,1,"['J2', 'J2', 'J2', 'J1', 'J1', 'J2', 'J1', 'J2', 'J1', 'J2', 'J1', 'J2', 'J2', 'J1', 'J2', 'J2', 'J2', 'J1', 'J2', 'J2', 'J2', 'J2', 'J2', 'J2', 'J2', 'J2', 'J2', 'J2', 'J2', 'J2', 'J2', 'J1', 'J2', 'J2', 'J1', 'J1', 'J2', 'J1', 'J2', 'J2', 'J2', 'J2', 'J1', 'J1', 'J2', 'J2', 'J1', 'J2', 'J2', 'J2', 'J2', 'J2', 'J1', 'J1', 'J1', 'J2', 'J1', 'J2', 'J2', 'J2', 'J2', 'J2', 'J1', 'J2', 'J2', 'J1', 'J2', 'J2', 'J2', 'J1', 'J1', 'J2', 'J2', 'J2', 'J2', 'J2', 'J1', 'J2', 'J2', 'J1', 'J2', 'J2', 'J2', 'J2', 'J2', 'J2', 'J2', 'J2', 'J2', 'J2', 'J2', 'J1', 'J1', 'J2', 'J2', 'J2', 'J2', 'J2', 'J2', 'J1', 'J2', 'J2', 'J2', 'J2', 'J2', 'J2', 'J1', 'J2', 'J2', 'J2', 'J2', 'J2', 'J2', 'J2', 'J2', 'J2', 'J1', 'J2', 'J2', 'J2', 'J2', 'J1', 'J2', 'J2', 'J1', 'J2', 'J1', 'J1', 'J2', 'J2', 'J1', 'J2', 'J2', 'J2', 'J2', 'J2', 'J2', 'J2', 'J2', 'J2', 'J1', 'J2', 'J2', 'J1', 'J2', 'J2', 'J2', 'J2', 'J1', 'J2', 'J2', 'J1', 'J2', 'J2', 'J1', 'J2', 'J2', 'J1']",158
